2024-12-26 12:05:02,554 INFO [main] Starting ConfigServiceApplication using Java 17.0.9 with PID 17436 (E:\dev\intellij\workspace\config-service\target\classes started by fredo in E:\dev\intellij\workspace\config-service)
2024-12-26 12:05:02,556 INFO [main] The following 1 profile is active: "local"
2024-12-26 12:05:03,403 INFO [main] BeanFactory id=c05afe91-8962-33c9-991b-bd0a1c4e9009
2024-12-26 12:05:03,456 WARN [main] Bean 'org.springframework.cloud.client.loadbalancer.LoadBalancerAutoConfiguration$LoadBalancerInterceptorConfig' of type [org.springframework.cloud.client.loadbalancer.LoadBalancerAutoConfiguration$LoadBalancerInterceptorConfig] is not eligible for getting processed by all BeanPostProcessors (for example: not eligible for auto-proxying). The currently created BeanPostProcessor [lbRestClientPostProcessor] is declared through a non-static factory method on that class; consider declaring it as static instead.
2024-12-26 12:05:03,460 WARN [main] Bean 'org.springframework.cloud.loadbalancer.config.BlockingLoadBalancerClientAutoConfiguration' of type [org.springframework.cloud.loadbalancer.config.BlockingLoadBalancerClientAutoConfiguration] is not eligible for getting processed by all BeanPostProcessors (for example: not eligible for auto-proxying). Is this bean getting eagerly injected into a currently created BeanPostProcessor [lbRestClientPostProcessor]? Check the corresponding BeanPostProcessor declaration and its dependencies.
2024-12-26 12:05:03,461 WARN [main] Bean 'org.springframework.cloud.loadbalancer.config.LoadBalancerAutoConfiguration' of type [org.springframework.cloud.loadbalancer.config.LoadBalancerAutoConfiguration] is not eligible for getting processed by all BeanPostProcessors (for example: not eligible for auto-proxying). Is this bean getting eagerly injected into a currently created BeanPostProcessor [lbRestClientPostProcessor]? Check the corresponding BeanPostProcessor declaration and its dependencies.
2024-12-26 12:05:03,467 WARN [main] Bean 'org.springframework.cloud.commons.config.CommonsConfigAutoConfiguration' of type [org.springframework.cloud.commons.config.CommonsConfigAutoConfiguration] is not eligible for getting processed by all BeanPostProcessors (for example: not eligible for auto-proxying). Is this bean getting eagerly injected into a currently created BeanPostProcessor [lbRestClientPostProcessor]? Check the corresponding BeanPostProcessor declaration and its dependencies.
2024-12-26 12:05:03,468 WARN [main] Bean 'org.springframework.cloud.client.loadbalancer.LoadBalancerDefaultMappingsProviderAutoConfiguration' of type [org.springframework.cloud.client.loadbalancer.LoadBalancerDefaultMappingsProviderAutoConfiguration] is not eligible for getting processed by all BeanPostProcessors (for example: not eligible for auto-proxying). Is this bean getting eagerly injected into a currently created BeanPostProcessor [lbRestClientPostProcessor]? Check the corresponding BeanPostProcessor declaration and its dependencies.
2024-12-26 12:05:03,469 WARN [main] Bean 'loadBalancerClientsDefaultsMappingsProvider' of type [org.springframework.cloud.client.loadbalancer.LoadBalancerDefaultMappingsProviderAutoConfiguration$$Lambda$567/0x00000185633eeca0] is not eligible for getting processed by all BeanPostProcessors (for example: not eligible for auto-proxying). Is this bean getting eagerly injected into a currently created BeanPostProcessor [lbRestClientPostProcessor]? Check the corresponding BeanPostProcessor declaration and its dependencies.
2024-12-26 12:05:03,470 WARN [main] Bean 'defaultsBindHandlerAdvisor' of type [org.springframework.cloud.commons.config.DefaultsBindHandlerAdvisor] is not eligible for getting processed by all BeanPostProcessors (for example: not eligible for auto-proxying). Is this bean getting eagerly injected into a currently created BeanPostProcessor [lbRestClientPostProcessor]? Check the corresponding BeanPostProcessor declaration and its dependencies.
2024-12-26 12:05:03,473 WARN [main] Bean 'spring.cloud.loadbalancer-org.springframework.cloud.client.loadbalancer.LoadBalancerClientsProperties' of type [org.springframework.cloud.client.loadbalancer.LoadBalancerClientsProperties] is not eligible for getting processed by all BeanPostProcessors (for example: not eligible for auto-proxying). Is this bean getting eagerly injected into a currently created BeanPostProcessor [lbRestClientPostProcessor]? Check the corresponding BeanPostProcessor declaration and its dependencies.
2024-12-26 12:05:03,478 WARN [main] Bean 'default.org.springframework.cloud.loadbalancer.config.LoadBalancerAutoConfiguration.LoadBalancerClientSpecification' of type [org.springframework.cloud.loadbalancer.annotation.LoadBalancerClientSpecification] is not eligible for getting processed by all BeanPostProcessors (for example: not eligible for auto-proxying). Is this bean getting eagerly injected into a currently created BeanPostProcessor [lbRestClientPostProcessor]? Check the corresponding BeanPostProcessor declaration and its dependencies.
2024-12-26 12:05:03,478 WARN [main] Bean 'default.org.springframework.cloud.loadbalancer.config.BlockingLoadBalancerClientAutoConfiguration.LoadBalancerClientSpecification' of type [org.springframework.cloud.loadbalancer.annotation.LoadBalancerClientSpecification] is not eligible for getting processed by all BeanPostProcessors (for example: not eligible for auto-proxying). Is this bean getting eagerly injected into a currently created BeanPostProcessor [lbRestClientPostProcessor]? Check the corresponding BeanPostProcessor declaration and its dependencies.
2024-12-26 12:05:03,479 WARN [main] Bean 'default.org.springframework.cloud.netflix.eureka.loadbalancer.LoadBalancerEurekaAutoConfiguration.LoadBalancerClientSpecification' of type [org.springframework.cloud.loadbalancer.annotation.LoadBalancerClientSpecification] is not eligible for getting processed by all BeanPostProcessors (for example: not eligible for auto-proxying). Is this bean getting eagerly injected into a currently created BeanPostProcessor [lbRestClientPostProcessor]? Check the corresponding BeanPostProcessor declaration and its dependencies.
2024-12-26 12:05:03,480 WARN [main] Bean 'loadBalancerClientFactory' of type [org.springframework.cloud.loadbalancer.support.LoadBalancerClientFactory] is not eligible for getting processed by all BeanPostProcessors (for example: not eligible for auto-proxying). Is this bean getting eagerly injected into a currently created BeanPostProcessor [lbRestClientPostProcessor]? Check the corresponding BeanPostProcessor declaration and its dependencies.
2024-12-26 12:05:03,482 WARN [main] Bean 'blockingLoadBalancerClient' of type [org.springframework.cloud.loadbalancer.blocking.client.BlockingLoadBalancerClient] is not eligible for getting processed by all BeanPostProcessors (for example: not eligible for auto-proxying). Is this bean getting eagerly injected into a currently created BeanPostProcessor [lbRestClientPostProcessor]? Check the corresponding BeanPostProcessor declaration and its dependencies.
2024-12-26 12:05:03,488 WARN [main] Bean 'loadBalancerServiceInstanceCookieTransformer' of type [org.springframework.cloud.loadbalancer.core.LoadBalancerServiceInstanceCookieTransformer] is not eligible for getting processed by all BeanPostProcessors (for example: not eligible for auto-proxying). Is this bean getting eagerly injected into a currently created BeanPostProcessor [lbRestClientPostProcessor]? Check the corresponding BeanPostProcessor declaration and its dependencies.
2024-12-26 12:05:03,489 WARN [main] Bean 'xForwarderHeadersTransformer' of type [org.springframework.cloud.loadbalancer.blocking.XForwardedHeadersTransformer] is not eligible for getting processed by all BeanPostProcessors (for example: not eligible for auto-proxying). Is this bean getting eagerly injected into a currently created BeanPostProcessor [lbRestClientPostProcessor]? Check the corresponding BeanPostProcessor declaration and its dependencies.
2024-12-26 12:05:03,489 WARN [main] Bean 'org.springframework.cloud.client.loadbalancer.LoadBalancerAutoConfiguration' of type [org.springframework.cloud.client.loadbalancer.LoadBalancerAutoConfiguration] is not eligible for getting processed by all BeanPostProcessors (for example: not eligible for auto-proxying). Is this bean getting eagerly injected into a currently created BeanPostProcessor [lbRestClientPostProcessor]? Check the corresponding BeanPostProcessor declaration and its dependencies.
2024-12-26 12:05:03,490 WARN [main] Bean 'loadBalancerRequestFactory' of type [org.springframework.cloud.client.loadbalancer.LoadBalancerRequestFactory] is not eligible for getting processed by all BeanPostProcessors (for example: not eligible for auto-proxying). Is this bean getting eagerly injected into a currently created BeanPostProcessor [lbRestClientPostProcessor]? Check the corresponding BeanPostProcessor declaration and its dependencies.
2024-12-26 12:05:03,491 WARN [main] Bean 'loadBalancerInterceptor' of type [org.springframework.cloud.client.loadbalancer.LoadBalancerInterceptor] is not eligible for getting processed by all BeanPostProcessors (for example: not eligible for auto-proxying). Is this bean getting eagerly injected into a currently created BeanPostProcessor [lbRestClientPostProcessor]? Check the corresponding BeanPostProcessor declaration and its dependencies.
2024-12-26 12:05:03,715 INFO [main] Tomcat initialized with port 8888 (http)
2024-12-26 12:05:03,725 INFO [main] Starting service [Tomcat]
2024-12-26 12:05:03,725 INFO [main] Starting Servlet engine: [Apache Tomcat/10.1.17]
2024-12-26 12:05:03,780 INFO [main] Initializing Spring embedded WebApplicationContext
2024-12-26 12:05:03,781 INFO [main] Root WebApplicationContext: initialization completed in 1189 ms
2024-12-26 12:05:04,415 INFO [main] Eureka HTTP Client uses RestTemplate.
2024-12-26 12:05:04,773 WARN [main] Spring Cloud LoadBalancer is currently working with the default cache. While this cache implementation is useful for development and tests, it's recommended to use Caffeine cache in production.You can switch to using Caffeine cache, by adding it and org.springframework.cache.caffeine.CaffeineCacheManager to the classpath.
2024-12-26 12:05:04,793 INFO [main] Setting initial instance status as: STARTING
2024-12-26 12:05:04,848 INFO [main] Initializing Eureka in region us-east-1
2024-12-26 12:05:04,849 INFO [main] Client configured to neither register nor query for data.
2024-12-26 12:05:04,857 INFO [main] Discovery Client initialized at timestamp 1735211104856 with initial instances count: 0
2024-12-26 12:05:04,864 INFO [main] Registering application CONFIG-SERVICE with eureka with status UP
2024-12-26 12:05:04,892 INFO [main] Tomcat started on port 8888 (http) with context path ''
2024-12-26 12:05:04,893 INFO [main] Updating port to 8888
2024-12-26 12:05:04,956 INFO [main] Started ConfigServiceApplication in 2.93 seconds (process running for 3.196)
2024-12-26 12:05:53,198 INFO [http-nio-8888-exec-1] Initializing Spring DispatcherServlet 'dispatcherServlet'
2024-12-26 12:05:53,198 INFO [http-nio-8888-exec-1] Initializing Servlet 'dispatcherServlet'
2024-12-26 12:05:53,199 INFO [http-nio-8888-exec-1] Completed initialization in 1 ms
2024-12-26 12:05:54,832 INFO [http-nio-8888-exec-1] Could not refresh default label main
org.springframework.cloud.config.server.environment.NoSuchLabelException: No such label: main
	at org.springframework.cloud.config.server.environment.JGitEnvironmentRepository.refresh(JGitEnvironmentRepository.java:313)
	at org.springframework.cloud.config.server.environment.JGitEnvironmentRepository.getLocations(JGitEnvironmentRepository.java:262)
	at org.springframework.cloud.config.server.environment.MultipleJGitEnvironmentRepository.getLocations(MultipleJGitEnvironmentRepository.java:144)
	at org.springframework.cloud.config.server.environment.AbstractScmEnvironmentRepository.findOne(AbstractScmEnvironmentRepository.java:62)
	at org.springframework.cloud.config.server.environment.MultipleJGitEnvironmentRepository.findOneFromCandidate(MultipleJGitEnvironmentRepository.java:195)
	at org.springframework.cloud.config.server.environment.MultipleJGitEnvironmentRepository.findOne(MultipleJGitEnvironmentRepository.java:178)
	at org.springframework.cloud.config.server.environment.CompositeEnvironmentRepository.findOne(CompositeEnvironmentRepository.java:82)
	at org.springframework.cloud.config.server.environment.ObservationEnvironmentRepositoryWrapper.lambda$findOne$3(ObservationEnvironmentRepositoryWrapper.java:75)
	at io.micrometer.observation.Observation.observe(Observation.java:565)
	at org.springframework.cloud.config.server.environment.ObservationEnvironmentRepositoryWrapper.findOne(ObservationEnvironmentRepositoryWrapper.java:75)
	at org.springframework.cloud.config.server.environment.EnvironmentEncryptorEnvironmentRepository.findOne(EnvironmentEncryptorEnvironmentRepository.java:64)
	at org.springframework.cloud.config.server.environment.EnvironmentController.getEnvironment(EnvironmentController.java:134)
	at org.springframework.cloud.config.server.environment.EnvironmentController.defaultLabelIncludeOrigin(EnvironmentController.java:116)
	at java.base/jdk.internal.reflect.NativeMethodAccessorImpl.invoke0(Native Method)
	at java.base/jdk.internal.reflect.NativeMethodAccessorImpl.invoke(NativeMethodAccessorImpl.java:77)
	at java.base/jdk.internal.reflect.DelegatingMethodAccessorImpl.invoke(DelegatingMethodAccessorImpl.java:43)
	at java.base/java.lang.reflect.Method.invoke(Method.java:568)
	at org.springframework.util.ReflectionUtils.invokeMethod(ReflectionUtils.java:281)
	at org.springframework.cloud.context.scope.GenericScope$LockedScopedProxyFactoryBean.invoke(GenericScope.java:482)
	at org.springframework.aop.framework.ReflectiveMethodInvocation.proceed(ReflectiveMethodInvocation.java:184)
	at org.springframework.aop.framework.CglibAopProxy$CglibMethodInvocation.proceed(CglibAopProxy.java:765)
	at org.springframework.aop.framework.CglibAopProxy$DynamicAdvisedInterceptor.intercept(CglibAopProxy.java:717)
	at org.springframework.cloud.config.server.environment.EnvironmentController$$SpringCGLIB$$0.defaultLabelIncludeOrigin(<generated>)
	at java.base/jdk.internal.reflect.NativeMethodAccessorImpl.invoke0(Native Method)
	at java.base/jdk.internal.reflect.NativeMethodAccessorImpl.invoke(NativeMethodAccessorImpl.java:77)
	at java.base/jdk.internal.reflect.DelegatingMethodAccessorImpl.invoke(DelegatingMethodAccessorImpl.java:43)
	at java.base/java.lang.reflect.Method.invoke(Method.java:568)
	at org.springframework.web.method.support.InvocableHandlerMethod.doInvoke(InvocableHandlerMethod.java:262)
	at org.springframework.web.method.support.InvocableHandlerMethod.invokeForRequest(InvocableHandlerMethod.java:190)
	at org.springframework.web.servlet.mvc.method.annotation.ServletInvocableHandlerMethod.invokeAndHandle(ServletInvocableHandlerMethod.java:118)
	at org.springframework.web.servlet.mvc.method.annotation.RequestMappingHandlerAdapter.invokeHandlerMethod(RequestMappingHandlerAdapter.java:917)
	at org.springframework.web.servlet.mvc.method.annotation.RequestMappingHandlerAdapter.handleInternal(RequestMappingHandlerAdapter.java:829)
	at org.springframework.web.servlet.mvc.method.AbstractHandlerMethodAdapter.handle(AbstractHandlerMethodAdapter.java:87)
	at org.springframework.web.servlet.DispatcherServlet.doDispatch(DispatcherServlet.java:1089)
	at org.springframework.web.servlet.DispatcherServlet.doService(DispatcherServlet.java:979)
	at org.springframework.web.servlet.FrameworkServlet.processRequest(FrameworkServlet.java:1014)
	at org.springframework.web.servlet.FrameworkServlet.doGet(FrameworkServlet.java:903)
	at jakarta.servlet.http.HttpServlet.service(HttpServlet.java:564)
	at org.springframework.web.servlet.FrameworkServlet.service(FrameworkServlet.java:885)
	at jakarta.servlet.http.HttpServlet.service(HttpServlet.java:658)
	at org.apache.catalina.core.ApplicationFilterChain.internalDoFilter(ApplicationFilterChain.java:205)
	at org.apache.catalina.core.ApplicationFilterChain.doFilter(ApplicationFilterChain.java:149)
	at org.apache.tomcat.websocket.server.WsFilter.doFilter(WsFilter.java:51)
	at org.apache.catalina.core.ApplicationFilterChain.internalDoFilter(ApplicationFilterChain.java:174)
	at org.apache.catalina.core.ApplicationFilterChain.doFilter(ApplicationFilterChain.java:149)
	at org.springframework.web.filter.RequestContextFilter.doFilterInternal(RequestContextFilter.java:100)
	at org.springframework.web.filter.OncePerRequestFilter.doFilter(OncePerRequestFilter.java:116)
	at org.apache.catalina.core.ApplicationFilterChain.internalDoFilter(ApplicationFilterChain.java:174)
	at org.apache.catalina.core.ApplicationFilterChain.doFilter(ApplicationFilterChain.java:149)
	at org.springframework.web.filter.FormContentFilter.doFilterInternal(FormContentFilter.java:93)
	at org.springframework.web.filter.OncePerRequestFilter.doFilter(OncePerRequestFilter.java:116)
	at org.apache.catalina.core.ApplicationFilterChain.internalDoFilter(ApplicationFilterChain.java:174)
	at org.apache.catalina.core.ApplicationFilterChain.doFilter(ApplicationFilterChain.java:149)
	at org.springframework.web.filter.CharacterEncodingFilter.doFilterInternal(CharacterEncodingFilter.java:201)
	at org.springframework.web.filter.OncePerRequestFilter.doFilter(OncePerRequestFilter.java:116)
	at org.apache.catalina.core.ApplicationFilterChain.internalDoFilter(ApplicationFilterChain.java:174)
	at org.apache.catalina.core.ApplicationFilterChain.doFilter(ApplicationFilterChain.java:149)
	at org.apache.catalina.core.StandardWrapperValve.invoke(StandardWrapperValve.java:167)
	at org.apache.catalina.core.StandardContextValve.invoke(StandardContextValve.java:90)
	at org.apache.catalina.authenticator.AuthenticatorBase.invoke(AuthenticatorBase.java:482)
	at org.apache.catalina.core.StandardHostValve.invoke(StandardHostValve.java:115)
	at org.apache.catalina.valves.ErrorReportValve.invoke(ErrorReportValve.java:93)
	at org.apache.catalina.core.StandardEngineValve.invoke(StandardEngineValve.java:74)
	at org.apache.catalina.connector.CoyoteAdapter.service(CoyoteAdapter.java:340)
	at org.apache.coyote.http11.Http11Processor.service(Http11Processor.java:391)
	at org.apache.coyote.AbstractProcessorLight.process(AbstractProcessorLight.java:63)
	at org.apache.coyote.AbstractProtocol$ConnectionHandler.process(AbstractProtocol.java:896)
	at org.apache.tomcat.util.net.NioEndpoint$SocketProcessor.doRun(NioEndpoint.java:1744)
	at org.apache.tomcat.util.net.SocketProcessorBase.run(SocketProcessorBase.java:52)
	at org.apache.tomcat.util.threads.ThreadPoolExecutor.runWorker(ThreadPoolExecutor.java:1191)
	at org.apache.tomcat.util.threads.ThreadPoolExecutor$Worker.run(ThreadPoolExecutor.java:659)
	at org.apache.tomcat.util.threads.TaskThread$WrappingRunnable.run(TaskThread.java:61)
	at java.base/java.lang.Thread.run(Thread.java:842)
Caused by: org.eclipse.jgit.api.errors.RefNotFoundException: Ref main cannot be resolved
	at org.eclipse.jgit.api.CheckoutCommand.call(CheckoutCommand.java:224)
	at org.springframework.cloud.config.server.environment.JGitEnvironmentRepository.checkout(JGitEnvironmentRepository.java:467)
	at org.springframework.cloud.config.server.environment.JGitEnvironmentRepository.refresh(JGitEnvironmentRepository.java:306)
	... 72 common frames omitted
2024-12-26 12:05:54,834 INFO [http-nio-8888-exec-1] Will try to refresh master label instead.
2024-12-26 12:08:36,440 INFO [SpringApplicationShutdownHook] Unregistering application CONFIG-SERVICE with eureka with status DOWN
2024-12-26 12:08:36,442 WARN [Thread-3] Failed to delete temporary directory on exit: java.nio.file.AccessDeniedException: C:\Users\fredo\AppData\Local\Temp\config-repo-10616442193513434660\.git\objects\pack\pack-ea4afc355faa8d38b5152d8c6d82be56f9042f88.idx
2024-12-26 12:08:36,450 INFO [SpringApplicationShutdownHook] Shutting down DiscoveryClient ...
2024-12-26 12:08:36,482 INFO [SpringApplicationShutdownHook] Completed shut down of DiscoveryClient
2024-12-26 12:09:15,989 INFO [main] Starting ConfigServiceApplication using Java 17.0.9 with PID 24544 (E:\dev\intellij\workspace\config-service\target\classes started by fredo in E:\dev\intellij\workspace\config-service)
2024-12-26 12:09:15,991 INFO [main] The following 1 profile is active: "local"
2024-12-26 12:09:16,858 INFO [main] BeanFactory id=c05afe91-8962-33c9-991b-bd0a1c4e9009
2024-12-26 12:09:16,925 WARN [main] Bean 'org.springframework.cloud.client.loadbalancer.LoadBalancerAutoConfiguration$LoadBalancerInterceptorConfig' of type [org.springframework.cloud.client.loadbalancer.LoadBalancerAutoConfiguration$LoadBalancerInterceptorConfig] is not eligible for getting processed by all BeanPostProcessors (for example: not eligible for auto-proxying). The currently created BeanPostProcessor [lbRestClientPostProcessor] is declared through a non-static factory method on that class; consider declaring it as static instead.
2024-12-26 12:09:16,928 WARN [main] Bean 'org.springframework.cloud.loadbalancer.config.BlockingLoadBalancerClientAutoConfiguration' of type [org.springframework.cloud.loadbalancer.config.BlockingLoadBalancerClientAutoConfiguration] is not eligible for getting processed by all BeanPostProcessors (for example: not eligible for auto-proxying). Is this bean getting eagerly injected into a currently created BeanPostProcessor [lbRestClientPostProcessor]? Check the corresponding BeanPostProcessor declaration and its dependencies.
2024-12-26 12:09:16,929 WARN [main] Bean 'org.springframework.cloud.loadbalancer.config.LoadBalancerAutoConfiguration' of type [org.springframework.cloud.loadbalancer.config.LoadBalancerAutoConfiguration] is not eligible for getting processed by all BeanPostProcessors (for example: not eligible for auto-proxying). Is this bean getting eagerly injected into a currently created BeanPostProcessor [lbRestClientPostProcessor]? Check the corresponding BeanPostProcessor declaration and its dependencies.
2024-12-26 12:09:16,934 WARN [main] Bean 'org.springframework.cloud.commons.config.CommonsConfigAutoConfiguration' of type [org.springframework.cloud.commons.config.CommonsConfigAutoConfiguration] is not eligible for getting processed by all BeanPostProcessors (for example: not eligible for auto-proxying). Is this bean getting eagerly injected into a currently created BeanPostProcessor [lbRestClientPostProcessor]? Check the corresponding BeanPostProcessor declaration and its dependencies.
2024-12-26 12:09:16,935 WARN [main] Bean 'org.springframework.cloud.client.loadbalancer.LoadBalancerDefaultMappingsProviderAutoConfiguration' of type [org.springframework.cloud.client.loadbalancer.LoadBalancerDefaultMappingsProviderAutoConfiguration] is not eligible for getting processed by all BeanPostProcessors (for example: not eligible for auto-proxying). Is this bean getting eagerly injected into a currently created BeanPostProcessor [lbRestClientPostProcessor]? Check the corresponding BeanPostProcessor declaration and its dependencies.
2024-12-26 12:09:16,936 WARN [main] Bean 'loadBalancerClientsDefaultsMappingsProvider' of type [org.springframework.cloud.client.loadbalancer.LoadBalancerDefaultMappingsProviderAutoConfiguration$$Lambda$567/0x000001e8113eeca0] is not eligible for getting processed by all BeanPostProcessors (for example: not eligible for auto-proxying). Is this bean getting eagerly injected into a currently created BeanPostProcessor [lbRestClientPostProcessor]? Check the corresponding BeanPostProcessor declaration and its dependencies.
2024-12-26 12:09:16,936 WARN [main] Bean 'defaultsBindHandlerAdvisor' of type [org.springframework.cloud.commons.config.DefaultsBindHandlerAdvisor] is not eligible for getting processed by all BeanPostProcessors (for example: not eligible for auto-proxying). Is this bean getting eagerly injected into a currently created BeanPostProcessor [lbRestClientPostProcessor]? Check the corresponding BeanPostProcessor declaration and its dependencies.
2024-12-26 12:09:16,940 WARN [main] Bean 'spring.cloud.loadbalancer-org.springframework.cloud.client.loadbalancer.LoadBalancerClientsProperties' of type [org.springframework.cloud.client.loadbalancer.LoadBalancerClientsProperties] is not eligible for getting processed by all BeanPostProcessors (for example: not eligible for auto-proxying). Is this bean getting eagerly injected into a currently created BeanPostProcessor [lbRestClientPostProcessor]? Check the corresponding BeanPostProcessor declaration and its dependencies.
2024-12-26 12:09:16,944 WARN [main] Bean 'default.org.springframework.cloud.loadbalancer.config.LoadBalancerAutoConfiguration.LoadBalancerClientSpecification' of type [org.springframework.cloud.loadbalancer.annotation.LoadBalancerClientSpecification] is not eligible for getting processed by all BeanPostProcessors (for example: not eligible for auto-proxying). Is this bean getting eagerly injected into a currently created BeanPostProcessor [lbRestClientPostProcessor]? Check the corresponding BeanPostProcessor declaration and its dependencies.
2024-12-26 12:09:16,945 WARN [main] Bean 'default.org.springframework.cloud.loadbalancer.config.BlockingLoadBalancerClientAutoConfiguration.LoadBalancerClientSpecification' of type [org.springframework.cloud.loadbalancer.annotation.LoadBalancerClientSpecification] is not eligible for getting processed by all BeanPostProcessors (for example: not eligible for auto-proxying). Is this bean getting eagerly injected into a currently created BeanPostProcessor [lbRestClientPostProcessor]? Check the corresponding BeanPostProcessor declaration and its dependencies.
2024-12-26 12:09:16,945 WARN [main] Bean 'default.org.springframework.cloud.netflix.eureka.loadbalancer.LoadBalancerEurekaAutoConfiguration.LoadBalancerClientSpecification' of type [org.springframework.cloud.loadbalancer.annotation.LoadBalancerClientSpecification] is not eligible for getting processed by all BeanPostProcessors (for example: not eligible for auto-proxying). Is this bean getting eagerly injected into a currently created BeanPostProcessor [lbRestClientPostProcessor]? Check the corresponding BeanPostProcessor declaration and its dependencies.
2024-12-26 12:09:16,946 WARN [main] Bean 'loadBalancerClientFactory' of type [org.springframework.cloud.loadbalancer.support.LoadBalancerClientFactory] is not eligible for getting processed by all BeanPostProcessors (for example: not eligible for auto-proxying). Is this bean getting eagerly injected into a currently created BeanPostProcessor [lbRestClientPostProcessor]? Check the corresponding BeanPostProcessor declaration and its dependencies.
2024-12-26 12:09:16,948 WARN [main] Bean 'blockingLoadBalancerClient' of type [org.springframework.cloud.loadbalancer.blocking.client.BlockingLoadBalancerClient] is not eligible for getting processed by all BeanPostProcessors (for example: not eligible for auto-proxying). Is this bean getting eagerly injected into a currently created BeanPostProcessor [lbRestClientPostProcessor]? Check the corresponding BeanPostProcessor declaration and its dependencies.
2024-12-26 12:09:16,954 WARN [main] Bean 'loadBalancerServiceInstanceCookieTransformer' of type [org.springframework.cloud.loadbalancer.core.LoadBalancerServiceInstanceCookieTransformer] is not eligible for getting processed by all BeanPostProcessors (for example: not eligible for auto-proxying). Is this bean getting eagerly injected into a currently created BeanPostProcessor [lbRestClientPostProcessor]? Check the corresponding BeanPostProcessor declaration and its dependencies.
2024-12-26 12:09:16,955 WARN [main] Bean 'xForwarderHeadersTransformer' of type [org.springframework.cloud.loadbalancer.blocking.XForwardedHeadersTransformer] is not eligible for getting processed by all BeanPostProcessors (for example: not eligible for auto-proxying). Is this bean getting eagerly injected into a currently created BeanPostProcessor [lbRestClientPostProcessor]? Check the corresponding BeanPostProcessor declaration and its dependencies.
2024-12-26 12:09:16,955 WARN [main] Bean 'org.springframework.cloud.client.loadbalancer.LoadBalancerAutoConfiguration' of type [org.springframework.cloud.client.loadbalancer.LoadBalancerAutoConfiguration] is not eligible for getting processed by all BeanPostProcessors (for example: not eligible for auto-proxying). Is this bean getting eagerly injected into a currently created BeanPostProcessor [lbRestClientPostProcessor]? Check the corresponding BeanPostProcessor declaration and its dependencies.
2024-12-26 12:09:16,956 WARN [main] Bean 'loadBalancerRequestFactory' of type [org.springframework.cloud.client.loadbalancer.LoadBalancerRequestFactory] is not eligible for getting processed by all BeanPostProcessors (for example: not eligible for auto-proxying). Is this bean getting eagerly injected into a currently created BeanPostProcessor [lbRestClientPostProcessor]? Check the corresponding BeanPostProcessor declaration and its dependencies.
2024-12-26 12:09:16,957 WARN [main] Bean 'loadBalancerInterceptor' of type [org.springframework.cloud.client.loadbalancer.LoadBalancerInterceptor] is not eligible for getting processed by all BeanPostProcessors (for example: not eligible for auto-proxying). Is this bean getting eagerly injected into a currently created BeanPostProcessor [lbRestClientPostProcessor]? Check the corresponding BeanPostProcessor declaration and its dependencies.
2024-12-26 12:09:17,205 INFO [main] Tomcat initialized with port 8888 (http)
2024-12-26 12:09:17,212 INFO [main] Starting service [Tomcat]
2024-12-26 12:09:17,212 INFO [main] Starting Servlet engine: [Apache Tomcat/10.1.17]
2024-12-26 12:09:17,276 INFO [main] Initializing Spring embedded WebApplicationContext
2024-12-26 12:09:17,276 INFO [main] Root WebApplicationContext: initialization completed in 1250 ms
2024-12-26 12:09:17,968 INFO [main] Eureka HTTP Client uses RestTemplate.
2024-12-26 12:09:18,344 WARN [main] Spring Cloud LoadBalancer is currently working with the default cache. While this cache implementation is useful for development and tests, it's recommended to use Caffeine cache in production.You can switch to using Caffeine cache, by adding it and org.springframework.cache.caffeine.CaffeineCacheManager to the classpath.
2024-12-26 12:09:18,361 INFO [main] Setting initial instance status as: STARTING
2024-12-26 12:09:18,397 INFO [main] Initializing Eureka in region us-east-1
2024-12-26 12:09:18,399 INFO [main] Client configured to neither register nor query for data.
2024-12-26 12:09:18,410 INFO [main] Discovery Client initialized at timestamp 1735211358409 with initial instances count: 0
2024-12-26 12:09:18,417 INFO [main] Registering application CONFIG-SERVICE with eureka with status UP
2024-12-26 12:09:18,431 INFO [main] Tomcat started on port 8888 (http) with context path ''
2024-12-26 12:09:18,432 INFO [main] Updating port to 8888
2024-12-26 12:09:18,490 INFO [main] Started ConfigServiceApplication in 3.015 seconds (process running for 3.283)
2024-12-26 12:09:33,082 INFO [http-nio-8888-exec-1] Initializing Spring DispatcherServlet 'dispatcherServlet'
2024-12-26 12:09:33,083 INFO [http-nio-8888-exec-1] Initializing Servlet 'dispatcherServlet'
2024-12-26 12:09:33,083 INFO [http-nio-8888-exec-1] Completed initialization in 0 ms
2024-12-26 12:09:34,597 INFO [http-nio-8888-exec-1] Could not refresh default label main
org.springframework.cloud.config.server.environment.NoSuchLabelException: No such label: main
	at org.springframework.cloud.config.server.environment.JGitEnvironmentRepository.refresh(JGitEnvironmentRepository.java:313)
	at org.springframework.cloud.config.server.environment.JGitEnvironmentRepository.getLocations(JGitEnvironmentRepository.java:262)
	at org.springframework.cloud.config.server.environment.MultipleJGitEnvironmentRepository.getLocations(MultipleJGitEnvironmentRepository.java:144)
	at org.springframework.cloud.config.server.environment.AbstractScmEnvironmentRepository.findOne(AbstractScmEnvironmentRepository.java:62)
	at org.springframework.cloud.config.server.environment.MultipleJGitEnvironmentRepository.findOneFromCandidate(MultipleJGitEnvironmentRepository.java:195)
	at org.springframework.cloud.config.server.environment.MultipleJGitEnvironmentRepository.findOne(MultipleJGitEnvironmentRepository.java:178)
	at org.springframework.cloud.config.server.environment.CompositeEnvironmentRepository.findOne(CompositeEnvironmentRepository.java:82)
	at org.springframework.cloud.config.server.environment.ObservationEnvironmentRepositoryWrapper.lambda$findOne$3(ObservationEnvironmentRepositoryWrapper.java:75)
	at io.micrometer.observation.Observation.observe(Observation.java:565)
	at org.springframework.cloud.config.server.environment.ObservationEnvironmentRepositoryWrapper.findOne(ObservationEnvironmentRepositoryWrapper.java:75)
	at org.springframework.cloud.config.server.environment.EnvironmentEncryptorEnvironmentRepository.findOne(EnvironmentEncryptorEnvironmentRepository.java:64)
	at org.springframework.cloud.config.server.environment.EnvironmentController.getEnvironment(EnvironmentController.java:134)
	at org.springframework.cloud.config.server.environment.EnvironmentController.defaultLabelIncludeOrigin(EnvironmentController.java:116)
	at java.base/jdk.internal.reflect.NativeMethodAccessorImpl.invoke0(Native Method)
	at java.base/jdk.internal.reflect.NativeMethodAccessorImpl.invoke(NativeMethodAccessorImpl.java:77)
	at java.base/jdk.internal.reflect.DelegatingMethodAccessorImpl.invoke(DelegatingMethodAccessorImpl.java:43)
	at java.base/java.lang.reflect.Method.invoke(Method.java:568)
	at org.springframework.util.ReflectionUtils.invokeMethod(ReflectionUtils.java:281)
	at org.springframework.cloud.context.scope.GenericScope$LockedScopedProxyFactoryBean.invoke(GenericScope.java:482)
	at org.springframework.aop.framework.ReflectiveMethodInvocation.proceed(ReflectiveMethodInvocation.java:184)
	at org.springframework.aop.framework.CglibAopProxy$CglibMethodInvocation.proceed(CglibAopProxy.java:765)
	at org.springframework.aop.framework.CglibAopProxy$DynamicAdvisedInterceptor.intercept(CglibAopProxy.java:717)
	at org.springframework.cloud.config.server.environment.EnvironmentController$$SpringCGLIB$$0.defaultLabelIncludeOrigin(<generated>)
	at java.base/jdk.internal.reflect.NativeMethodAccessorImpl.invoke0(Native Method)
	at java.base/jdk.internal.reflect.NativeMethodAccessorImpl.invoke(NativeMethodAccessorImpl.java:77)
	at java.base/jdk.internal.reflect.DelegatingMethodAccessorImpl.invoke(DelegatingMethodAccessorImpl.java:43)
	at java.base/java.lang.reflect.Method.invoke(Method.java:568)
	at org.springframework.web.method.support.InvocableHandlerMethod.doInvoke(InvocableHandlerMethod.java:262)
	at org.springframework.web.method.support.InvocableHandlerMethod.invokeForRequest(InvocableHandlerMethod.java:190)
	at org.springframework.web.servlet.mvc.method.annotation.ServletInvocableHandlerMethod.invokeAndHandle(ServletInvocableHandlerMethod.java:118)
	at org.springframework.web.servlet.mvc.method.annotation.RequestMappingHandlerAdapter.invokeHandlerMethod(RequestMappingHandlerAdapter.java:917)
	at org.springframework.web.servlet.mvc.method.annotation.RequestMappingHandlerAdapter.handleInternal(RequestMappingHandlerAdapter.java:829)
	at org.springframework.web.servlet.mvc.method.AbstractHandlerMethodAdapter.handle(AbstractHandlerMethodAdapter.java:87)
	at org.springframework.web.servlet.DispatcherServlet.doDispatch(DispatcherServlet.java:1089)
	at org.springframework.web.servlet.DispatcherServlet.doService(DispatcherServlet.java:979)
	at org.springframework.web.servlet.FrameworkServlet.processRequest(FrameworkServlet.java:1014)
	at org.springframework.web.servlet.FrameworkServlet.doGet(FrameworkServlet.java:903)
	at jakarta.servlet.http.HttpServlet.service(HttpServlet.java:564)
	at org.springframework.web.servlet.FrameworkServlet.service(FrameworkServlet.java:885)
	at jakarta.servlet.http.HttpServlet.service(HttpServlet.java:658)
	at org.apache.catalina.core.ApplicationFilterChain.internalDoFilter(ApplicationFilterChain.java:205)
	at org.apache.catalina.core.ApplicationFilterChain.doFilter(ApplicationFilterChain.java:149)
	at org.apache.tomcat.websocket.server.WsFilter.doFilter(WsFilter.java:51)
	at org.apache.catalina.core.ApplicationFilterChain.internalDoFilter(ApplicationFilterChain.java:174)
	at org.apache.catalina.core.ApplicationFilterChain.doFilter(ApplicationFilterChain.java:149)
	at org.springframework.web.filter.RequestContextFilter.doFilterInternal(RequestContextFilter.java:100)
	at org.springframework.web.filter.OncePerRequestFilter.doFilter(OncePerRequestFilter.java:116)
	at org.apache.catalina.core.ApplicationFilterChain.internalDoFilter(ApplicationFilterChain.java:174)
	at org.apache.catalina.core.ApplicationFilterChain.doFilter(ApplicationFilterChain.java:149)
	at org.springframework.web.filter.FormContentFilter.doFilterInternal(FormContentFilter.java:93)
	at org.springframework.web.filter.OncePerRequestFilter.doFilter(OncePerRequestFilter.java:116)
	at org.apache.catalina.core.ApplicationFilterChain.internalDoFilter(ApplicationFilterChain.java:174)
	at org.apache.catalina.core.ApplicationFilterChain.doFilter(ApplicationFilterChain.java:149)
	at org.springframework.web.filter.CharacterEncodingFilter.doFilterInternal(CharacterEncodingFilter.java:201)
	at org.springframework.web.filter.OncePerRequestFilter.doFilter(OncePerRequestFilter.java:116)
	at org.apache.catalina.core.ApplicationFilterChain.internalDoFilter(ApplicationFilterChain.java:174)
	at org.apache.catalina.core.ApplicationFilterChain.doFilter(ApplicationFilterChain.java:149)
	at org.apache.catalina.core.StandardWrapperValve.invoke(StandardWrapperValve.java:167)
	at org.apache.catalina.core.StandardContextValve.invoke(StandardContextValve.java:90)
	at org.apache.catalina.authenticator.AuthenticatorBase.invoke(AuthenticatorBase.java:482)
	at org.apache.catalina.core.StandardHostValve.invoke(StandardHostValve.java:115)
	at org.apache.catalina.valves.ErrorReportValve.invoke(ErrorReportValve.java:93)
	at org.apache.catalina.core.StandardEngineValve.invoke(StandardEngineValve.java:74)
	at org.apache.catalina.connector.CoyoteAdapter.service(CoyoteAdapter.java:340)
	at org.apache.coyote.http11.Http11Processor.service(Http11Processor.java:391)
	at org.apache.coyote.AbstractProcessorLight.process(AbstractProcessorLight.java:63)
	at org.apache.coyote.AbstractProtocol$ConnectionHandler.process(AbstractProtocol.java:896)
	at org.apache.tomcat.util.net.NioEndpoint$SocketProcessor.doRun(NioEndpoint.java:1744)
	at org.apache.tomcat.util.net.SocketProcessorBase.run(SocketProcessorBase.java:52)
	at org.apache.tomcat.util.threads.ThreadPoolExecutor.runWorker(ThreadPoolExecutor.java:1191)
	at org.apache.tomcat.util.threads.ThreadPoolExecutor$Worker.run(ThreadPoolExecutor.java:659)
	at org.apache.tomcat.util.threads.TaskThread$WrappingRunnable.run(TaskThread.java:61)
	at java.base/java.lang.Thread.run(Thread.java:842)
Caused by: org.eclipse.jgit.api.errors.RefNotFoundException: Ref main cannot be resolved
	at org.eclipse.jgit.api.CheckoutCommand.call(CheckoutCommand.java:224)
	at org.springframework.cloud.config.server.environment.JGitEnvironmentRepository.checkout(JGitEnvironmentRepository.java:467)
	at org.springframework.cloud.config.server.environment.JGitEnvironmentRepository.refresh(JGitEnvironmentRepository.java:306)
	... 72 common frames omitted
2024-12-26 12:09:34,599 INFO [http-nio-8888-exec-1] Will try to refresh master label instead.
2024-12-26 12:11:57,531 INFO [SpringApplicationShutdownHook] Unregistering application CONFIG-SERVICE with eureka with status DOWN
2024-12-26 12:11:57,533 WARN [Thread-3] Failed to delete temporary directory on exit: java.nio.file.AccessDeniedException: C:\Users\fredo\AppData\Local\Temp\config-repo-18354808477171598023\.git\objects\pack\pack-ea4afc355faa8d38b5152d8c6d82be56f9042f88.idx
2024-12-26 12:11:57,542 INFO [SpringApplicationShutdownHook] Shutting down DiscoveryClient ...
2024-12-26 12:11:57,578 INFO [SpringApplicationShutdownHook] Completed shut down of DiscoveryClient
2024-12-26 12:11:59,024 INFO [main] Starting ConfigServiceApplication using Java 17.0.9 with PID 20468 (E:\dev\intellij\workspace\config-service\target\classes started by fredo in E:\dev\intellij\workspace\config-service)
2024-12-26 12:11:59,027 INFO [main] The following 1 profile is active: "local"
2024-12-26 12:11:59,909 INFO [main] BeanFactory id=c05afe91-8962-33c9-991b-bd0a1c4e9009
2024-12-26 12:11:59,959 WARN [main] Bean 'org.springframework.cloud.client.loadbalancer.LoadBalancerAutoConfiguration$LoadBalancerInterceptorConfig' of type [org.springframework.cloud.client.loadbalancer.LoadBalancerAutoConfiguration$LoadBalancerInterceptorConfig] is not eligible for getting processed by all BeanPostProcessors (for example: not eligible for auto-proxying). The currently created BeanPostProcessor [lbRestClientPostProcessor] is declared through a non-static factory method on that class; consider declaring it as static instead.
2024-12-26 12:11:59,961 WARN [main] Bean 'org.springframework.cloud.loadbalancer.config.BlockingLoadBalancerClientAutoConfiguration' of type [org.springframework.cloud.loadbalancer.config.BlockingLoadBalancerClientAutoConfiguration] is not eligible for getting processed by all BeanPostProcessors (for example: not eligible for auto-proxying). Is this bean getting eagerly injected into a currently created BeanPostProcessor [lbRestClientPostProcessor]? Check the corresponding BeanPostProcessor declaration and its dependencies.
2024-12-26 12:11:59,962 WARN [main] Bean 'org.springframework.cloud.loadbalancer.config.LoadBalancerAutoConfiguration' of type [org.springframework.cloud.loadbalancer.config.LoadBalancerAutoConfiguration] is not eligible for getting processed by all BeanPostProcessors (for example: not eligible for auto-proxying). Is this bean getting eagerly injected into a currently created BeanPostProcessor [lbRestClientPostProcessor]? Check the corresponding BeanPostProcessor declaration and its dependencies.
2024-12-26 12:11:59,968 WARN [main] Bean 'org.springframework.cloud.commons.config.CommonsConfigAutoConfiguration' of type [org.springframework.cloud.commons.config.CommonsConfigAutoConfiguration] is not eligible for getting processed by all BeanPostProcessors (for example: not eligible for auto-proxying). Is this bean getting eagerly injected into a currently created BeanPostProcessor [lbRestClientPostProcessor]? Check the corresponding BeanPostProcessor declaration and its dependencies.
2024-12-26 12:11:59,970 WARN [main] Bean 'org.springframework.cloud.client.loadbalancer.LoadBalancerDefaultMappingsProviderAutoConfiguration' of type [org.springframework.cloud.client.loadbalancer.LoadBalancerDefaultMappingsProviderAutoConfiguration] is not eligible for getting processed by all BeanPostProcessors (for example: not eligible for auto-proxying). Is this bean getting eagerly injected into a currently created BeanPostProcessor [lbRestClientPostProcessor]? Check the corresponding BeanPostProcessor declaration and its dependencies.
2024-12-26 12:11:59,970 WARN [main] Bean 'loadBalancerClientsDefaultsMappingsProvider' of type [org.springframework.cloud.client.loadbalancer.LoadBalancerDefaultMappingsProviderAutoConfiguration$$Lambda$567/0x000002ab813ed248] is not eligible for getting processed by all BeanPostProcessors (for example: not eligible for auto-proxying). Is this bean getting eagerly injected into a currently created BeanPostProcessor [lbRestClientPostProcessor]? Check the corresponding BeanPostProcessor declaration and its dependencies.
2024-12-26 12:11:59,971 WARN [main] Bean 'defaultsBindHandlerAdvisor' of type [org.springframework.cloud.commons.config.DefaultsBindHandlerAdvisor] is not eligible for getting processed by all BeanPostProcessors (for example: not eligible for auto-proxying). Is this bean getting eagerly injected into a currently created BeanPostProcessor [lbRestClientPostProcessor]? Check the corresponding BeanPostProcessor declaration and its dependencies.
2024-12-26 12:11:59,977 WARN [main] Bean 'spring.cloud.loadbalancer-org.springframework.cloud.client.loadbalancer.LoadBalancerClientsProperties' of type [org.springframework.cloud.client.loadbalancer.LoadBalancerClientsProperties] is not eligible for getting processed by all BeanPostProcessors (for example: not eligible for auto-proxying). Is this bean getting eagerly injected into a currently created BeanPostProcessor [lbRestClientPostProcessor]? Check the corresponding BeanPostProcessor declaration and its dependencies.
2024-12-26 12:11:59,982 WARN [main] Bean 'default.org.springframework.cloud.loadbalancer.config.LoadBalancerAutoConfiguration.LoadBalancerClientSpecification' of type [org.springframework.cloud.loadbalancer.annotation.LoadBalancerClientSpecification] is not eligible for getting processed by all BeanPostProcessors (for example: not eligible for auto-proxying). Is this bean getting eagerly injected into a currently created BeanPostProcessor [lbRestClientPostProcessor]? Check the corresponding BeanPostProcessor declaration and its dependencies.
2024-12-26 12:11:59,983 WARN [main] Bean 'default.org.springframework.cloud.loadbalancer.config.BlockingLoadBalancerClientAutoConfiguration.LoadBalancerClientSpecification' of type [org.springframework.cloud.loadbalancer.annotation.LoadBalancerClientSpecification] is not eligible for getting processed by all BeanPostProcessors (for example: not eligible for auto-proxying). Is this bean getting eagerly injected into a currently created BeanPostProcessor [lbRestClientPostProcessor]? Check the corresponding BeanPostProcessor declaration and its dependencies.
2024-12-26 12:11:59,984 WARN [main] Bean 'default.org.springframework.cloud.netflix.eureka.loadbalancer.LoadBalancerEurekaAutoConfiguration.LoadBalancerClientSpecification' of type [org.springframework.cloud.loadbalancer.annotation.LoadBalancerClientSpecification] is not eligible for getting processed by all BeanPostProcessors (for example: not eligible for auto-proxying). Is this bean getting eagerly injected into a currently created BeanPostProcessor [lbRestClientPostProcessor]? Check the corresponding BeanPostProcessor declaration and its dependencies.
2024-12-26 12:11:59,984 WARN [main] Bean 'loadBalancerClientFactory' of type [org.springframework.cloud.loadbalancer.support.LoadBalancerClientFactory] is not eligible for getting processed by all BeanPostProcessors (for example: not eligible for auto-proxying). Is this bean getting eagerly injected into a currently created BeanPostProcessor [lbRestClientPostProcessor]? Check the corresponding BeanPostProcessor declaration and its dependencies.
2024-12-26 12:11:59,986 WARN [main] Bean 'blockingLoadBalancerClient' of type [org.springframework.cloud.loadbalancer.blocking.client.BlockingLoadBalancerClient] is not eligible for getting processed by all BeanPostProcessors (for example: not eligible for auto-proxying). Is this bean getting eagerly injected into a currently created BeanPostProcessor [lbRestClientPostProcessor]? Check the corresponding BeanPostProcessor declaration and its dependencies.
2024-12-26 12:11:59,992 WARN [main] Bean 'loadBalancerServiceInstanceCookieTransformer' of type [org.springframework.cloud.loadbalancer.core.LoadBalancerServiceInstanceCookieTransformer] is not eligible for getting processed by all BeanPostProcessors (for example: not eligible for auto-proxying). Is this bean getting eagerly injected into a currently created BeanPostProcessor [lbRestClientPostProcessor]? Check the corresponding BeanPostProcessor declaration and its dependencies.
2024-12-26 12:11:59,993 WARN [main] Bean 'xForwarderHeadersTransformer' of type [org.springframework.cloud.loadbalancer.blocking.XForwardedHeadersTransformer] is not eligible for getting processed by all BeanPostProcessors (for example: not eligible for auto-proxying). Is this bean getting eagerly injected into a currently created BeanPostProcessor [lbRestClientPostProcessor]? Check the corresponding BeanPostProcessor declaration and its dependencies.
2024-12-26 12:11:59,993 WARN [main] Bean 'org.springframework.cloud.client.loadbalancer.LoadBalancerAutoConfiguration' of type [org.springframework.cloud.client.loadbalancer.LoadBalancerAutoConfiguration] is not eligible for getting processed by all BeanPostProcessors (for example: not eligible for auto-proxying). Is this bean getting eagerly injected into a currently created BeanPostProcessor [lbRestClientPostProcessor]? Check the corresponding BeanPostProcessor declaration and its dependencies.
2024-12-26 12:11:59,994 WARN [main] Bean 'loadBalancerRequestFactory' of type [org.springframework.cloud.client.loadbalancer.LoadBalancerRequestFactory] is not eligible for getting processed by all BeanPostProcessors (for example: not eligible for auto-proxying). Is this bean getting eagerly injected into a currently created BeanPostProcessor [lbRestClientPostProcessor]? Check the corresponding BeanPostProcessor declaration and its dependencies.
2024-12-26 12:11:59,995 WARN [main] Bean 'loadBalancerInterceptor' of type [org.springframework.cloud.client.loadbalancer.LoadBalancerInterceptor] is not eligible for getting processed by all BeanPostProcessors (for example: not eligible for auto-proxying). Is this bean getting eagerly injected into a currently created BeanPostProcessor [lbRestClientPostProcessor]? Check the corresponding BeanPostProcessor declaration and its dependencies.
2024-12-26 12:12:00,247 INFO [main] Tomcat initialized with port 8888 (http)
2024-12-26 12:12:00,255 INFO [main] Starting service [Tomcat]
2024-12-26 12:12:00,256 INFO [main] Starting Servlet engine: [Apache Tomcat/10.1.17]
2024-12-26 12:12:00,306 INFO [main] Initializing Spring embedded WebApplicationContext
2024-12-26 12:12:00,306 INFO [main] Root WebApplicationContext: initialization completed in 1243 ms
2024-12-26 12:12:01,001 INFO [main] Eureka HTTP Client uses RestTemplate.
2024-12-26 12:12:01,381 WARN [main] Spring Cloud LoadBalancer is currently working with the default cache. While this cache implementation is useful for development and tests, it's recommended to use Caffeine cache in production.You can switch to using Caffeine cache, by adding it and org.springframework.cache.caffeine.CaffeineCacheManager to the classpath.
2024-12-26 12:12:01,413 INFO [main] Setting initial instance status as: STARTING
2024-12-26 12:12:01,478 INFO [main] Initializing Eureka in region us-east-1
2024-12-26 12:12:01,481 INFO [main] Client configured to neither register nor query for data.
2024-12-26 12:12:01,496 INFO [main] Discovery Client initialized at timestamp 1735211521495 with initial instances count: 0
2024-12-26 12:12:01,503 INFO [main] Registering application CONFIG-SERVICE with eureka with status UP
2024-12-26 12:12:01,518 INFO [main] Tomcat started on port 8888 (http) with context path ''
2024-12-26 12:12:01,519 INFO [main] Updating port to 8888
2024-12-26 12:12:01,576 INFO [main] Started ConfigServiceApplication in 3.074 seconds (process running for 3.34)
2024-12-26 12:12:15,086 INFO [http-nio-8888-exec-1] Initializing Spring DispatcherServlet 'dispatcherServlet'
2024-12-26 12:12:15,086 INFO [http-nio-8888-exec-1] Initializing Servlet 'dispatcherServlet'
2024-12-26 12:12:15,087 INFO [http-nio-8888-exec-1] Completed initialization in 1 ms
2024-12-26 12:12:17,243 INFO [http-nio-8888-exec-1] Could not refresh default label main
org.springframework.cloud.config.server.environment.NoSuchLabelException: No such label: main
	at org.springframework.cloud.config.server.environment.JGitEnvironmentRepository.refresh(JGitEnvironmentRepository.java:313)
	at org.springframework.cloud.config.server.environment.JGitEnvironmentRepository.getLocations(JGitEnvironmentRepository.java:262)
	at org.springframework.cloud.config.server.environment.MultipleJGitEnvironmentRepository.getLocations(MultipleJGitEnvironmentRepository.java:144)
	at org.springframework.cloud.config.server.environment.AbstractScmEnvironmentRepository.findOne(AbstractScmEnvironmentRepository.java:62)
	at org.springframework.cloud.config.server.environment.MultipleJGitEnvironmentRepository.findOneFromCandidate(MultipleJGitEnvironmentRepository.java:195)
	at org.springframework.cloud.config.server.environment.MultipleJGitEnvironmentRepository.findOne(MultipleJGitEnvironmentRepository.java:178)
	at org.springframework.cloud.config.server.environment.CompositeEnvironmentRepository.findOne(CompositeEnvironmentRepository.java:82)
	at org.springframework.cloud.config.server.environment.ObservationEnvironmentRepositoryWrapper.lambda$findOne$3(ObservationEnvironmentRepositoryWrapper.java:75)
	at io.micrometer.observation.Observation.observe(Observation.java:565)
	at org.springframework.cloud.config.server.environment.ObservationEnvironmentRepositoryWrapper.findOne(ObservationEnvironmentRepositoryWrapper.java:75)
	at org.springframework.cloud.config.server.environment.EnvironmentEncryptorEnvironmentRepository.findOne(EnvironmentEncryptorEnvironmentRepository.java:64)
	at org.springframework.cloud.config.server.environment.EnvironmentController.getEnvironment(EnvironmentController.java:134)
	at org.springframework.cloud.config.server.environment.EnvironmentController.defaultLabelIncludeOrigin(EnvironmentController.java:116)
	at java.base/jdk.internal.reflect.NativeMethodAccessorImpl.invoke0(Native Method)
	at java.base/jdk.internal.reflect.NativeMethodAccessorImpl.invoke(NativeMethodAccessorImpl.java:77)
	at java.base/jdk.internal.reflect.DelegatingMethodAccessorImpl.invoke(DelegatingMethodAccessorImpl.java:43)
	at java.base/java.lang.reflect.Method.invoke(Method.java:568)
	at org.springframework.util.ReflectionUtils.invokeMethod(ReflectionUtils.java:281)
	at org.springframework.cloud.context.scope.GenericScope$LockedScopedProxyFactoryBean.invoke(GenericScope.java:482)
	at org.springframework.aop.framework.ReflectiveMethodInvocation.proceed(ReflectiveMethodInvocation.java:184)
	at org.springframework.aop.framework.CglibAopProxy$CglibMethodInvocation.proceed(CglibAopProxy.java:765)
	at org.springframework.aop.framework.CglibAopProxy$DynamicAdvisedInterceptor.intercept(CglibAopProxy.java:717)
	at org.springframework.cloud.config.server.environment.EnvironmentController$$SpringCGLIB$$0.defaultLabelIncludeOrigin(<generated>)
	at java.base/jdk.internal.reflect.NativeMethodAccessorImpl.invoke0(Native Method)
	at java.base/jdk.internal.reflect.NativeMethodAccessorImpl.invoke(NativeMethodAccessorImpl.java:77)
	at java.base/jdk.internal.reflect.DelegatingMethodAccessorImpl.invoke(DelegatingMethodAccessorImpl.java:43)
	at java.base/java.lang.reflect.Method.invoke(Method.java:568)
	at org.springframework.web.method.support.InvocableHandlerMethod.doInvoke(InvocableHandlerMethod.java:262)
	at org.springframework.web.method.support.InvocableHandlerMethod.invokeForRequest(InvocableHandlerMethod.java:190)
	at org.springframework.web.servlet.mvc.method.annotation.ServletInvocableHandlerMethod.invokeAndHandle(ServletInvocableHandlerMethod.java:118)
	at org.springframework.web.servlet.mvc.method.annotation.RequestMappingHandlerAdapter.invokeHandlerMethod(RequestMappingHandlerAdapter.java:917)
	at org.springframework.web.servlet.mvc.method.annotation.RequestMappingHandlerAdapter.handleInternal(RequestMappingHandlerAdapter.java:829)
	at org.springframework.web.servlet.mvc.method.AbstractHandlerMethodAdapter.handle(AbstractHandlerMethodAdapter.java:87)
	at org.springframework.web.servlet.DispatcherServlet.doDispatch(DispatcherServlet.java:1089)
	at org.springframework.web.servlet.DispatcherServlet.doService(DispatcherServlet.java:979)
	at org.springframework.web.servlet.FrameworkServlet.processRequest(FrameworkServlet.java:1014)
	at org.springframework.web.servlet.FrameworkServlet.doGet(FrameworkServlet.java:903)
	at jakarta.servlet.http.HttpServlet.service(HttpServlet.java:564)
	at org.springframework.web.servlet.FrameworkServlet.service(FrameworkServlet.java:885)
	at jakarta.servlet.http.HttpServlet.service(HttpServlet.java:658)
	at org.apache.catalina.core.ApplicationFilterChain.internalDoFilter(ApplicationFilterChain.java:205)
	at org.apache.catalina.core.ApplicationFilterChain.doFilter(ApplicationFilterChain.java:149)
	at org.apache.tomcat.websocket.server.WsFilter.doFilter(WsFilter.java:51)
	at org.apache.catalina.core.ApplicationFilterChain.internalDoFilter(ApplicationFilterChain.java:174)
	at org.apache.catalina.core.ApplicationFilterChain.doFilter(ApplicationFilterChain.java:149)
	at org.springframework.web.filter.RequestContextFilter.doFilterInternal(RequestContextFilter.java:100)
	at org.springframework.web.filter.OncePerRequestFilter.doFilter(OncePerRequestFilter.java:116)
	at org.apache.catalina.core.ApplicationFilterChain.internalDoFilter(ApplicationFilterChain.java:174)
	at org.apache.catalina.core.ApplicationFilterChain.doFilter(ApplicationFilterChain.java:149)
	at org.springframework.web.filter.FormContentFilter.doFilterInternal(FormContentFilter.java:93)
	at org.springframework.web.filter.OncePerRequestFilter.doFilter(OncePerRequestFilter.java:116)
	at org.apache.catalina.core.ApplicationFilterChain.internalDoFilter(ApplicationFilterChain.java:174)
	at org.apache.catalina.core.ApplicationFilterChain.doFilter(ApplicationFilterChain.java:149)
	at org.springframework.web.filter.CharacterEncodingFilter.doFilterInternal(CharacterEncodingFilter.java:201)
	at org.springframework.web.filter.OncePerRequestFilter.doFilter(OncePerRequestFilter.java:116)
	at org.apache.catalina.core.ApplicationFilterChain.internalDoFilter(ApplicationFilterChain.java:174)
	at org.apache.catalina.core.ApplicationFilterChain.doFilter(ApplicationFilterChain.java:149)
	at org.apache.catalina.core.StandardWrapperValve.invoke(StandardWrapperValve.java:167)
	at org.apache.catalina.core.StandardContextValve.invoke(StandardContextValve.java:90)
	at org.apache.catalina.authenticator.AuthenticatorBase.invoke(AuthenticatorBase.java:482)
	at org.apache.catalina.core.StandardHostValve.invoke(StandardHostValve.java:115)
	at org.apache.catalina.valves.ErrorReportValve.invoke(ErrorReportValve.java:93)
	at org.apache.catalina.core.StandardEngineValve.invoke(StandardEngineValve.java:74)
	at org.apache.catalina.connector.CoyoteAdapter.service(CoyoteAdapter.java:340)
	at org.apache.coyote.http11.Http11Processor.service(Http11Processor.java:391)
	at org.apache.coyote.AbstractProcessorLight.process(AbstractProcessorLight.java:63)
	at org.apache.coyote.AbstractProtocol$ConnectionHandler.process(AbstractProtocol.java:896)
	at org.apache.tomcat.util.net.NioEndpoint$SocketProcessor.doRun(NioEndpoint.java:1744)
	at org.apache.tomcat.util.net.SocketProcessorBase.run(SocketProcessorBase.java:52)
	at org.apache.tomcat.util.threads.ThreadPoolExecutor.runWorker(ThreadPoolExecutor.java:1191)
	at org.apache.tomcat.util.threads.ThreadPoolExecutor$Worker.run(ThreadPoolExecutor.java:659)
	at org.apache.tomcat.util.threads.TaskThread$WrappingRunnable.run(TaskThread.java:61)
	at java.base/java.lang.Thread.run(Thread.java:842)
Caused by: org.eclipse.jgit.api.errors.RefNotFoundException: Ref main cannot be resolved
	at org.eclipse.jgit.api.CheckoutCommand.call(CheckoutCommand.java:224)
	at org.springframework.cloud.config.server.environment.JGitEnvironmentRepository.checkout(JGitEnvironmentRepository.java:467)
	at org.springframework.cloud.config.server.environment.JGitEnvironmentRepository.refresh(JGitEnvironmentRepository.java:306)
	... 72 common frames omitted
2024-12-26 12:12:17,245 INFO [http-nio-8888-exec-1] Will try to refresh master label instead.
2024-12-26 12:13:25,442 INFO [SpringApplicationShutdownHook] Unregistering application CONFIG-SERVICE with eureka with status DOWN
2024-12-26 12:13:25,444 WARN [Thread-3] Failed to delete temporary directory on exit: java.nio.file.AccessDeniedException: C:\Users\fredo\AppData\Local\Temp\config-repo-454810577017375705\.git\objects\pack\pack-ea4afc355faa8d38b5152d8c6d82be56f9042f88.idx
2024-12-26 12:13:25,452 INFO [SpringApplicationShutdownHook] Shutting down DiscoveryClient ...
2024-12-26 12:13:25,481 INFO [SpringApplicationShutdownHook] Completed shut down of DiscoveryClient
2024-12-26 12:14:01,732 INFO [main] Starting ConfigServiceApplication using Java 17.0.9 with PID 24412 (E:\dev\intellij\workspace\config-service\target\classes started by fredo in E:\dev\intellij\workspace\config-service)
2024-12-26 12:14:01,734 INFO [main] The following 1 profile is active: "local"
2024-12-26 12:14:02,583 INFO [main] BeanFactory id=c05afe91-8962-33c9-991b-bd0a1c4e9009
2024-12-26 12:14:02,641 WARN [main] Bean 'org.springframework.cloud.client.loadbalancer.LoadBalancerAutoConfiguration$LoadBalancerInterceptorConfig' of type [org.springframework.cloud.client.loadbalancer.LoadBalancerAutoConfiguration$LoadBalancerInterceptorConfig] is not eligible for getting processed by all BeanPostProcessors (for example: not eligible for auto-proxying). The currently created BeanPostProcessor [lbRestClientPostProcessor] is declared through a non-static factory method on that class; consider declaring it as static instead.
2024-12-26 12:14:02,643 WARN [main] Bean 'org.springframework.cloud.loadbalancer.config.BlockingLoadBalancerClientAutoConfiguration' of type [org.springframework.cloud.loadbalancer.config.BlockingLoadBalancerClientAutoConfiguration] is not eligible for getting processed by all BeanPostProcessors (for example: not eligible for auto-proxying). Is this bean getting eagerly injected into a currently created BeanPostProcessor [lbRestClientPostProcessor]? Check the corresponding BeanPostProcessor declaration and its dependencies.
2024-12-26 12:14:02,644 WARN [main] Bean 'org.springframework.cloud.loadbalancer.config.LoadBalancerAutoConfiguration' of type [org.springframework.cloud.loadbalancer.config.LoadBalancerAutoConfiguration] is not eligible for getting processed by all BeanPostProcessors (for example: not eligible for auto-proxying). Is this bean getting eagerly injected into a currently created BeanPostProcessor [lbRestClientPostProcessor]? Check the corresponding BeanPostProcessor declaration and its dependencies.
2024-12-26 12:14:02,649 WARN [main] Bean 'org.springframework.cloud.commons.config.CommonsConfigAutoConfiguration' of type [org.springframework.cloud.commons.config.CommonsConfigAutoConfiguration] is not eligible for getting processed by all BeanPostProcessors (for example: not eligible for auto-proxying). Is this bean getting eagerly injected into a currently created BeanPostProcessor [lbRestClientPostProcessor]? Check the corresponding BeanPostProcessor declaration and its dependencies.
2024-12-26 12:14:02,651 WARN [main] Bean 'org.springframework.cloud.client.loadbalancer.LoadBalancerDefaultMappingsProviderAutoConfiguration' of type [org.springframework.cloud.client.loadbalancer.LoadBalancerDefaultMappingsProviderAutoConfiguration] is not eligible for getting processed by all BeanPostProcessors (for example: not eligible for auto-proxying). Is this bean getting eagerly injected into a currently created BeanPostProcessor [lbRestClientPostProcessor]? Check the corresponding BeanPostProcessor declaration and its dependencies.
2024-12-26 12:14:02,651 WARN [main] Bean 'loadBalancerClientsDefaultsMappingsProvider' of type [org.springframework.cloud.client.loadbalancer.LoadBalancerDefaultMappingsProviderAutoConfiguration$$Lambda$567/0x000001a6c43ef2a0] is not eligible for getting processed by all BeanPostProcessors (for example: not eligible for auto-proxying). Is this bean getting eagerly injected into a currently created BeanPostProcessor [lbRestClientPostProcessor]? Check the corresponding BeanPostProcessor declaration and its dependencies.
2024-12-26 12:14:02,652 WARN [main] Bean 'defaultsBindHandlerAdvisor' of type [org.springframework.cloud.commons.config.DefaultsBindHandlerAdvisor] is not eligible for getting processed by all BeanPostProcessors (for example: not eligible for auto-proxying). Is this bean getting eagerly injected into a currently created BeanPostProcessor [lbRestClientPostProcessor]? Check the corresponding BeanPostProcessor declaration and its dependencies.
2024-12-26 12:14:02,656 WARN [main] Bean 'spring.cloud.loadbalancer-org.springframework.cloud.client.loadbalancer.LoadBalancerClientsProperties' of type [org.springframework.cloud.client.loadbalancer.LoadBalancerClientsProperties] is not eligible for getting processed by all BeanPostProcessors (for example: not eligible for auto-proxying). Is this bean getting eagerly injected into a currently created BeanPostProcessor [lbRestClientPostProcessor]? Check the corresponding BeanPostProcessor declaration and its dependencies.
2024-12-26 12:14:02,660 WARN [main] Bean 'default.org.springframework.cloud.loadbalancer.config.LoadBalancerAutoConfiguration.LoadBalancerClientSpecification' of type [org.springframework.cloud.loadbalancer.annotation.LoadBalancerClientSpecification] is not eligible for getting processed by all BeanPostProcessors (for example: not eligible for auto-proxying). Is this bean getting eagerly injected into a currently created BeanPostProcessor [lbRestClientPostProcessor]? Check the corresponding BeanPostProcessor declaration and its dependencies.
2024-12-26 12:14:02,661 WARN [main] Bean 'default.org.springframework.cloud.loadbalancer.config.BlockingLoadBalancerClientAutoConfiguration.LoadBalancerClientSpecification' of type [org.springframework.cloud.loadbalancer.annotation.LoadBalancerClientSpecification] is not eligible for getting processed by all BeanPostProcessors (for example: not eligible for auto-proxying). Is this bean getting eagerly injected into a currently created BeanPostProcessor [lbRestClientPostProcessor]? Check the corresponding BeanPostProcessor declaration and its dependencies.
2024-12-26 12:14:02,661 WARN [main] Bean 'default.org.springframework.cloud.netflix.eureka.loadbalancer.LoadBalancerEurekaAutoConfiguration.LoadBalancerClientSpecification' of type [org.springframework.cloud.loadbalancer.annotation.LoadBalancerClientSpecification] is not eligible for getting processed by all BeanPostProcessors (for example: not eligible for auto-proxying). Is this bean getting eagerly injected into a currently created BeanPostProcessor [lbRestClientPostProcessor]? Check the corresponding BeanPostProcessor declaration and its dependencies.
2024-12-26 12:14:02,662 WARN [main] Bean 'loadBalancerClientFactory' of type [org.springframework.cloud.loadbalancer.support.LoadBalancerClientFactory] is not eligible for getting processed by all BeanPostProcessors (for example: not eligible for auto-proxying). Is this bean getting eagerly injected into a currently created BeanPostProcessor [lbRestClientPostProcessor]? Check the corresponding BeanPostProcessor declaration and its dependencies.
2024-12-26 12:14:02,664 WARN [main] Bean 'blockingLoadBalancerClient' of type [org.springframework.cloud.loadbalancer.blocking.client.BlockingLoadBalancerClient] is not eligible for getting processed by all BeanPostProcessors (for example: not eligible for auto-proxying). Is this bean getting eagerly injected into a currently created BeanPostProcessor [lbRestClientPostProcessor]? Check the corresponding BeanPostProcessor declaration and its dependencies.
2024-12-26 12:14:02,669 WARN [main] Bean 'loadBalancerServiceInstanceCookieTransformer' of type [org.springframework.cloud.loadbalancer.core.LoadBalancerServiceInstanceCookieTransformer] is not eligible for getting processed by all BeanPostProcessors (for example: not eligible for auto-proxying). Is this bean getting eagerly injected into a currently created BeanPostProcessor [lbRestClientPostProcessor]? Check the corresponding BeanPostProcessor declaration and its dependencies.
2024-12-26 12:14:02,670 WARN [main] Bean 'xForwarderHeadersTransformer' of type [org.springframework.cloud.loadbalancer.blocking.XForwardedHeadersTransformer] is not eligible for getting processed by all BeanPostProcessors (for example: not eligible for auto-proxying). Is this bean getting eagerly injected into a currently created BeanPostProcessor [lbRestClientPostProcessor]? Check the corresponding BeanPostProcessor declaration and its dependencies.
2024-12-26 12:14:02,671 WARN [main] Bean 'org.springframework.cloud.client.loadbalancer.LoadBalancerAutoConfiguration' of type [org.springframework.cloud.client.loadbalancer.LoadBalancerAutoConfiguration] is not eligible for getting processed by all BeanPostProcessors (for example: not eligible for auto-proxying). Is this bean getting eagerly injected into a currently created BeanPostProcessor [lbRestClientPostProcessor]? Check the corresponding BeanPostProcessor declaration and its dependencies.
2024-12-26 12:14:02,672 WARN [main] Bean 'loadBalancerRequestFactory' of type [org.springframework.cloud.client.loadbalancer.LoadBalancerRequestFactory] is not eligible for getting processed by all BeanPostProcessors (for example: not eligible for auto-proxying). Is this bean getting eagerly injected into a currently created BeanPostProcessor [lbRestClientPostProcessor]? Check the corresponding BeanPostProcessor declaration and its dependencies.
2024-12-26 12:14:02,673 WARN [main] Bean 'loadBalancerInterceptor' of type [org.springframework.cloud.client.loadbalancer.LoadBalancerInterceptor] is not eligible for getting processed by all BeanPostProcessors (for example: not eligible for auto-proxying). Is this bean getting eagerly injected into a currently created BeanPostProcessor [lbRestClientPostProcessor]? Check the corresponding BeanPostProcessor declaration and its dependencies.
2024-12-26 12:14:02,911 INFO [main] Tomcat initialized with port 8888 (http)
2024-12-26 12:14:02,918 INFO [main] Starting service [Tomcat]
2024-12-26 12:14:02,919 INFO [main] Starting Servlet engine: [Apache Tomcat/10.1.17]
2024-12-26 12:14:02,979 INFO [main] Initializing Spring embedded WebApplicationContext
2024-12-26 12:14:02,980 INFO [main] Root WebApplicationContext: initialization completed in 1213 ms
2024-12-26 12:14:03,683 INFO [main] Eureka HTTP Client uses RestTemplate.
2024-12-26 12:14:04,045 WARN [main] Spring Cloud LoadBalancer is currently working with the default cache. While this cache implementation is useful for development and tests, it's recommended to use Caffeine cache in production.You can switch to using Caffeine cache, by adding it and org.springframework.cache.caffeine.CaffeineCacheManager to the classpath.
2024-12-26 12:14:04,070 INFO [main] Setting initial instance status as: STARTING
2024-12-26 12:14:04,111 INFO [main] Initializing Eureka in region us-east-1
2024-12-26 12:14:04,112 INFO [main] Client configured to neither register nor query for data.
2024-12-26 12:14:04,118 INFO [main] Discovery Client initialized at timestamp 1735211644117 with initial instances count: 0
2024-12-26 12:14:04,124 INFO [main] Registering application CONFIG-SERVICE with eureka with status UP
2024-12-26 12:14:04,147 INFO [main] Tomcat started on port 8888 (http) with context path ''
2024-12-26 12:14:04,148 INFO [main] Updating port to 8888
2024-12-26 12:14:04,204 INFO [main] Started ConfigServiceApplication in 2.977 seconds (process running for 3.243)
2024-12-26 12:14:10,795 INFO [http-nio-8888-exec-1] Initializing Spring DispatcherServlet 'dispatcherServlet'
2024-12-26 12:14:10,796 INFO [http-nio-8888-exec-1] Initializing Servlet 'dispatcherServlet'
2024-12-26 12:14:10,796 INFO [http-nio-8888-exec-1] Completed initialization in 0 ms
2024-12-26 12:14:12,249 INFO [http-nio-8888-exec-1] Could not refresh default label main
org.springframework.cloud.config.server.environment.NoSuchLabelException: No such label: main
	at org.springframework.cloud.config.server.environment.JGitEnvironmentRepository.refresh(JGitEnvironmentRepository.java:313)
	at org.springframework.cloud.config.server.environment.JGitEnvironmentRepository.getLocations(JGitEnvironmentRepository.java:262)
	at org.springframework.cloud.config.server.environment.MultipleJGitEnvironmentRepository.getLocations(MultipleJGitEnvironmentRepository.java:144)
	at org.springframework.cloud.config.server.environment.AbstractScmEnvironmentRepository.findOne(AbstractScmEnvironmentRepository.java:62)
	at org.springframework.cloud.config.server.environment.MultipleJGitEnvironmentRepository.findOneFromCandidate(MultipleJGitEnvironmentRepository.java:195)
	at org.springframework.cloud.config.server.environment.MultipleJGitEnvironmentRepository.findOne(MultipleJGitEnvironmentRepository.java:178)
	at org.springframework.cloud.config.server.environment.CompositeEnvironmentRepository.findOne(CompositeEnvironmentRepository.java:82)
	at org.springframework.cloud.config.server.environment.ObservationEnvironmentRepositoryWrapper.lambda$findOne$3(ObservationEnvironmentRepositoryWrapper.java:75)
	at io.micrometer.observation.Observation.observe(Observation.java:565)
	at org.springframework.cloud.config.server.environment.ObservationEnvironmentRepositoryWrapper.findOne(ObservationEnvironmentRepositoryWrapper.java:75)
	at org.springframework.cloud.config.server.environment.EnvironmentEncryptorEnvironmentRepository.findOne(EnvironmentEncryptorEnvironmentRepository.java:64)
	at org.springframework.cloud.config.server.environment.EnvironmentController.getEnvironment(EnvironmentController.java:134)
	at org.springframework.cloud.config.server.environment.EnvironmentController.defaultLabelIncludeOrigin(EnvironmentController.java:116)
	at java.base/jdk.internal.reflect.NativeMethodAccessorImpl.invoke0(Native Method)
	at java.base/jdk.internal.reflect.NativeMethodAccessorImpl.invoke(NativeMethodAccessorImpl.java:77)
	at java.base/jdk.internal.reflect.DelegatingMethodAccessorImpl.invoke(DelegatingMethodAccessorImpl.java:43)
	at java.base/java.lang.reflect.Method.invoke(Method.java:568)
	at org.springframework.util.ReflectionUtils.invokeMethod(ReflectionUtils.java:281)
	at org.springframework.cloud.context.scope.GenericScope$LockedScopedProxyFactoryBean.invoke(GenericScope.java:482)
	at org.springframework.aop.framework.ReflectiveMethodInvocation.proceed(ReflectiveMethodInvocation.java:184)
	at org.springframework.aop.framework.CglibAopProxy$CglibMethodInvocation.proceed(CglibAopProxy.java:765)
	at org.springframework.aop.framework.CglibAopProxy$DynamicAdvisedInterceptor.intercept(CglibAopProxy.java:717)
	at org.springframework.cloud.config.server.environment.EnvironmentController$$SpringCGLIB$$0.defaultLabelIncludeOrigin(<generated>)
	at java.base/jdk.internal.reflect.NativeMethodAccessorImpl.invoke0(Native Method)
	at java.base/jdk.internal.reflect.NativeMethodAccessorImpl.invoke(NativeMethodAccessorImpl.java:77)
	at java.base/jdk.internal.reflect.DelegatingMethodAccessorImpl.invoke(DelegatingMethodAccessorImpl.java:43)
	at java.base/java.lang.reflect.Method.invoke(Method.java:568)
	at org.springframework.web.method.support.InvocableHandlerMethod.doInvoke(InvocableHandlerMethod.java:262)
	at org.springframework.web.method.support.InvocableHandlerMethod.invokeForRequest(InvocableHandlerMethod.java:190)
	at org.springframework.web.servlet.mvc.method.annotation.ServletInvocableHandlerMethod.invokeAndHandle(ServletInvocableHandlerMethod.java:118)
	at org.springframework.web.servlet.mvc.method.annotation.RequestMappingHandlerAdapter.invokeHandlerMethod(RequestMappingHandlerAdapter.java:917)
	at org.springframework.web.servlet.mvc.method.annotation.RequestMappingHandlerAdapter.handleInternal(RequestMappingHandlerAdapter.java:829)
	at org.springframework.web.servlet.mvc.method.AbstractHandlerMethodAdapter.handle(AbstractHandlerMethodAdapter.java:87)
	at org.springframework.web.servlet.DispatcherServlet.doDispatch(DispatcherServlet.java:1089)
	at org.springframework.web.servlet.DispatcherServlet.doService(DispatcherServlet.java:979)
	at org.springframework.web.servlet.FrameworkServlet.processRequest(FrameworkServlet.java:1014)
	at org.springframework.web.servlet.FrameworkServlet.doGet(FrameworkServlet.java:903)
	at jakarta.servlet.http.HttpServlet.service(HttpServlet.java:564)
	at org.springframework.web.servlet.FrameworkServlet.service(FrameworkServlet.java:885)
	at jakarta.servlet.http.HttpServlet.service(HttpServlet.java:658)
	at org.apache.catalina.core.ApplicationFilterChain.internalDoFilter(ApplicationFilterChain.java:205)
	at org.apache.catalina.core.ApplicationFilterChain.doFilter(ApplicationFilterChain.java:149)
	at org.apache.tomcat.websocket.server.WsFilter.doFilter(WsFilter.java:51)
	at org.apache.catalina.core.ApplicationFilterChain.internalDoFilter(ApplicationFilterChain.java:174)
	at org.apache.catalina.core.ApplicationFilterChain.doFilter(ApplicationFilterChain.java:149)
	at org.springframework.web.filter.RequestContextFilter.doFilterInternal(RequestContextFilter.java:100)
	at org.springframework.web.filter.OncePerRequestFilter.doFilter(OncePerRequestFilter.java:116)
	at org.apache.catalina.core.ApplicationFilterChain.internalDoFilter(ApplicationFilterChain.java:174)
	at org.apache.catalina.core.ApplicationFilterChain.doFilter(ApplicationFilterChain.java:149)
	at org.springframework.web.filter.FormContentFilter.doFilterInternal(FormContentFilter.java:93)
	at org.springframework.web.filter.OncePerRequestFilter.doFilter(OncePerRequestFilter.java:116)
	at org.apache.catalina.core.ApplicationFilterChain.internalDoFilter(ApplicationFilterChain.java:174)
	at org.apache.catalina.core.ApplicationFilterChain.doFilter(ApplicationFilterChain.java:149)
	at org.springframework.web.filter.CharacterEncodingFilter.doFilterInternal(CharacterEncodingFilter.java:201)
	at org.springframework.web.filter.OncePerRequestFilter.doFilter(OncePerRequestFilter.java:116)
	at org.apache.catalina.core.ApplicationFilterChain.internalDoFilter(ApplicationFilterChain.java:174)
	at org.apache.catalina.core.ApplicationFilterChain.doFilter(ApplicationFilterChain.java:149)
	at org.apache.catalina.core.StandardWrapperValve.invoke(StandardWrapperValve.java:167)
	at org.apache.catalina.core.StandardContextValve.invoke(StandardContextValve.java:90)
	at org.apache.catalina.authenticator.AuthenticatorBase.invoke(AuthenticatorBase.java:482)
	at org.apache.catalina.core.StandardHostValve.invoke(StandardHostValve.java:115)
	at org.apache.catalina.valves.ErrorReportValve.invoke(ErrorReportValve.java:93)
	at org.apache.catalina.core.StandardEngineValve.invoke(StandardEngineValve.java:74)
	at org.apache.catalina.connector.CoyoteAdapter.service(CoyoteAdapter.java:340)
	at org.apache.coyote.http11.Http11Processor.service(Http11Processor.java:391)
	at org.apache.coyote.AbstractProcessorLight.process(AbstractProcessorLight.java:63)
	at org.apache.coyote.AbstractProtocol$ConnectionHandler.process(AbstractProtocol.java:896)
	at org.apache.tomcat.util.net.NioEndpoint$SocketProcessor.doRun(NioEndpoint.java:1744)
	at org.apache.tomcat.util.net.SocketProcessorBase.run(SocketProcessorBase.java:52)
	at org.apache.tomcat.util.threads.ThreadPoolExecutor.runWorker(ThreadPoolExecutor.java:1191)
	at org.apache.tomcat.util.threads.ThreadPoolExecutor$Worker.run(ThreadPoolExecutor.java:659)
	at org.apache.tomcat.util.threads.TaskThread$WrappingRunnable.run(TaskThread.java:61)
	at java.base/java.lang.Thread.run(Thread.java:842)
Caused by: org.eclipse.jgit.api.errors.RefNotFoundException: Ref main cannot be resolved
	at org.eclipse.jgit.api.CheckoutCommand.call(CheckoutCommand.java:224)
	at org.springframework.cloud.config.server.environment.JGitEnvironmentRepository.checkout(JGitEnvironmentRepository.java:467)
	at org.springframework.cloud.config.server.environment.JGitEnvironmentRepository.refresh(JGitEnvironmentRepository.java:306)
	... 72 common frames omitted
2024-12-26 12:14:12,251 INFO [http-nio-8888-exec-1] Will try to refresh master label instead.
2024-12-26 12:15:09,565 INFO [SpringApplicationShutdownHook] Unregistering application CONFIG-SERVICE with eureka with status DOWN
2024-12-26 12:15:09,567 WARN [Thread-3] Failed to delete temporary directory on exit: java.nio.file.AccessDeniedException: C:\Users\fredo\AppData\Local\Temp\config-repo-14866979521914381246\.git\objects\pack\pack-ea4afc355faa8d38b5152d8c6d82be56f9042f88.idx
2024-12-26 12:15:09,576 INFO [SpringApplicationShutdownHook] Shutting down DiscoveryClient ...
2024-12-26 12:15:09,612 INFO [SpringApplicationShutdownHook] Completed shut down of DiscoveryClient
2024-12-26 20:46:23,614 INFO [main] Starting ConfigServiceApplication using Java 17.0.9 with PID 30428 (E:\dev\intellij\workspace\config-service\target\classes started by fredo in E:\dev\intellij\workspace\config-service)
2024-12-26 20:46:23,616 INFO [main] The following 1 profile is active: "local"
2024-12-26 20:46:24,619 INFO [main] BeanFactory id=c05afe91-8962-33c9-991b-bd0a1c4e9009
2024-12-26 20:46:24,702 WARN [main] Bean 'org.springframework.cloud.client.loadbalancer.LoadBalancerAutoConfiguration$LoadBalancerInterceptorConfig' of type [org.springframework.cloud.client.loadbalancer.LoadBalancerAutoConfiguration$LoadBalancerInterceptorConfig] is not eligible for getting processed by all BeanPostProcessors (for example: not eligible for auto-proxying). The currently created BeanPostProcessor [lbRestClientPostProcessor] is declared through a non-static factory method on that class; consider declaring it as static instead.
2024-12-26 20:46:24,704 WARN [main] Bean 'org.springframework.cloud.loadbalancer.config.BlockingLoadBalancerClientAutoConfiguration' of type [org.springframework.cloud.loadbalancer.config.BlockingLoadBalancerClientAutoConfiguration] is not eligible for getting processed by all BeanPostProcessors (for example: not eligible for auto-proxying). Is this bean getting eagerly injected into a currently created BeanPostProcessor [lbRestClientPostProcessor]? Check the corresponding BeanPostProcessor declaration and its dependencies.
2024-12-26 20:46:24,705 WARN [main] Bean 'org.springframework.cloud.loadbalancer.config.LoadBalancerAutoConfiguration' of type [org.springframework.cloud.loadbalancer.config.LoadBalancerAutoConfiguration] is not eligible for getting processed by all BeanPostProcessors (for example: not eligible for auto-proxying). Is this bean getting eagerly injected into a currently created BeanPostProcessor [lbRestClientPostProcessor]? Check the corresponding BeanPostProcessor declaration and its dependencies.
2024-12-26 20:46:24,713 WARN [main] Bean 'org.springframework.cloud.commons.config.CommonsConfigAutoConfiguration' of type [org.springframework.cloud.commons.config.CommonsConfigAutoConfiguration] is not eligible for getting processed by all BeanPostProcessors (for example: not eligible for auto-proxying). Is this bean getting eagerly injected into a currently created BeanPostProcessor [lbRestClientPostProcessor]? Check the corresponding BeanPostProcessor declaration and its dependencies.
2024-12-26 20:46:24,715 WARN [main] Bean 'org.springframework.cloud.client.loadbalancer.LoadBalancerDefaultMappingsProviderAutoConfiguration' of type [org.springframework.cloud.client.loadbalancer.LoadBalancerDefaultMappingsProviderAutoConfiguration] is not eligible for getting processed by all BeanPostProcessors (for example: not eligible for auto-proxying). Is this bean getting eagerly injected into a currently created BeanPostProcessor [lbRestClientPostProcessor]? Check the corresponding BeanPostProcessor declaration and its dependencies.
2024-12-26 20:46:24,716 WARN [main] Bean 'loadBalancerClientsDefaultsMappingsProvider' of type [org.springframework.cloud.client.loadbalancer.LoadBalancerDefaultMappingsProviderAutoConfiguration$$Lambda$567/0x000001ecd13efc30] is not eligible for getting processed by all BeanPostProcessors (for example: not eligible for auto-proxying). Is this bean getting eagerly injected into a currently created BeanPostProcessor [lbRestClientPostProcessor]? Check the corresponding BeanPostProcessor declaration and its dependencies.
2024-12-26 20:46:24,717 WARN [main] Bean 'defaultsBindHandlerAdvisor' of type [org.springframework.cloud.commons.config.DefaultsBindHandlerAdvisor] is not eligible for getting processed by all BeanPostProcessors (for example: not eligible for auto-proxying). Is this bean getting eagerly injected into a currently created BeanPostProcessor [lbRestClientPostProcessor]? Check the corresponding BeanPostProcessor declaration and its dependencies.
2024-12-26 20:46:24,723 WARN [main] Bean 'spring.cloud.loadbalancer-org.springframework.cloud.client.loadbalancer.LoadBalancerClientsProperties' of type [org.springframework.cloud.client.loadbalancer.LoadBalancerClientsProperties] is not eligible for getting processed by all BeanPostProcessors (for example: not eligible for auto-proxying). Is this bean getting eagerly injected into a currently created BeanPostProcessor [lbRestClientPostProcessor]? Check the corresponding BeanPostProcessor declaration and its dependencies.
2024-12-26 20:46:24,729 WARN [main] Bean 'default.org.springframework.cloud.loadbalancer.config.LoadBalancerAutoConfiguration.LoadBalancerClientSpecification' of type [org.springframework.cloud.loadbalancer.annotation.LoadBalancerClientSpecification] is not eligible for getting processed by all BeanPostProcessors (for example: not eligible for auto-proxying). Is this bean getting eagerly injected into a currently created BeanPostProcessor [lbRestClientPostProcessor]? Check the corresponding BeanPostProcessor declaration and its dependencies.
2024-12-26 20:46:24,730 WARN [main] Bean 'default.org.springframework.cloud.loadbalancer.config.BlockingLoadBalancerClientAutoConfiguration.LoadBalancerClientSpecification' of type [org.springframework.cloud.loadbalancer.annotation.LoadBalancerClientSpecification] is not eligible for getting processed by all BeanPostProcessors (for example: not eligible for auto-proxying). Is this bean getting eagerly injected into a currently created BeanPostProcessor [lbRestClientPostProcessor]? Check the corresponding BeanPostProcessor declaration and its dependencies.
2024-12-26 20:46:24,730 WARN [main] Bean 'default.org.springframework.cloud.netflix.eureka.loadbalancer.LoadBalancerEurekaAutoConfiguration.LoadBalancerClientSpecification' of type [org.springframework.cloud.loadbalancer.annotation.LoadBalancerClientSpecification] is not eligible for getting processed by all BeanPostProcessors (for example: not eligible for auto-proxying). Is this bean getting eagerly injected into a currently created BeanPostProcessor [lbRestClientPostProcessor]? Check the corresponding BeanPostProcessor declaration and its dependencies.
2024-12-26 20:46:24,731 WARN [main] Bean 'loadBalancerClientFactory' of type [org.springframework.cloud.loadbalancer.support.LoadBalancerClientFactory] is not eligible for getting processed by all BeanPostProcessors (for example: not eligible for auto-proxying). Is this bean getting eagerly injected into a currently created BeanPostProcessor [lbRestClientPostProcessor]? Check the corresponding BeanPostProcessor declaration and its dependencies.
2024-12-26 20:46:24,734 WARN [main] Bean 'blockingLoadBalancerClient' of type [org.springframework.cloud.loadbalancer.blocking.client.BlockingLoadBalancerClient] is not eligible for getting processed by all BeanPostProcessors (for example: not eligible for auto-proxying). Is this bean getting eagerly injected into a currently created BeanPostProcessor [lbRestClientPostProcessor]? Check the corresponding BeanPostProcessor declaration and its dependencies.
2024-12-26 20:46:24,742 WARN [main] Bean 'loadBalancerServiceInstanceCookieTransformer' of type [org.springframework.cloud.loadbalancer.core.LoadBalancerServiceInstanceCookieTransformer] is not eligible for getting processed by all BeanPostProcessors (for example: not eligible for auto-proxying). Is this bean getting eagerly injected into a currently created BeanPostProcessor [lbRestClientPostProcessor]? Check the corresponding BeanPostProcessor declaration and its dependencies.
2024-12-26 20:46:24,743 WARN [main] Bean 'xForwarderHeadersTransformer' of type [org.springframework.cloud.loadbalancer.blocking.XForwardedHeadersTransformer] is not eligible for getting processed by all BeanPostProcessors (for example: not eligible for auto-proxying). Is this bean getting eagerly injected into a currently created BeanPostProcessor [lbRestClientPostProcessor]? Check the corresponding BeanPostProcessor declaration and its dependencies.
2024-12-26 20:46:24,744 WARN [main] Bean 'org.springframework.cloud.client.loadbalancer.LoadBalancerAutoConfiguration' of type [org.springframework.cloud.client.loadbalancer.LoadBalancerAutoConfiguration] is not eligible for getting processed by all BeanPostProcessors (for example: not eligible for auto-proxying). Is this bean getting eagerly injected into a currently created BeanPostProcessor [lbRestClientPostProcessor]? Check the corresponding BeanPostProcessor declaration and its dependencies.
2024-12-26 20:46:24,745 WARN [main] Bean 'loadBalancerRequestFactory' of type [org.springframework.cloud.client.loadbalancer.LoadBalancerRequestFactory] is not eligible for getting processed by all BeanPostProcessors (for example: not eligible for auto-proxying). Is this bean getting eagerly injected into a currently created BeanPostProcessor [lbRestClientPostProcessor]? Check the corresponding BeanPostProcessor declaration and its dependencies.
2024-12-26 20:46:24,746 WARN [main] Bean 'loadBalancerInterceptor' of type [org.springframework.cloud.client.loadbalancer.LoadBalancerInterceptor] is not eligible for getting processed by all BeanPostProcessors (for example: not eligible for auto-proxying). Is this bean getting eagerly injected into a currently created BeanPostProcessor [lbRestClientPostProcessor]? Check the corresponding BeanPostProcessor declaration and its dependencies.
2024-12-26 20:46:25,040 INFO [main] Tomcat initialized with port 8888 (http)
2024-12-26 20:46:25,053 INFO [main] Starting service [Tomcat]
2024-12-26 20:46:25,053 INFO [main] Starting Servlet engine: [Apache Tomcat/10.1.17]
2024-12-26 20:46:25,114 INFO [main] Initializing Spring embedded WebApplicationContext
2024-12-26 20:46:25,114 INFO [main] Root WebApplicationContext: initialization completed in 1456 ms
2024-12-26 20:46:25,882 INFO [main] Eureka HTTP Client uses RestTemplate.
2024-12-26 20:46:26,304 WARN [main] Spring Cloud LoadBalancer is currently working with the default cache. While this cache implementation is useful for development and tests, it's recommended to use Caffeine cache in production.You can switch to using Caffeine cache, by adding it and org.springframework.cache.caffeine.CaffeineCacheManager to the classpath.
2024-12-26 20:46:26,335 INFO [main] Setting initial instance status as: STARTING
2024-12-26 20:46:26,403 INFO [main] Initializing Eureka in region us-east-1
2024-12-26 20:46:26,405 INFO [main] Client configured to neither register nor query for data.
2024-12-26 20:46:26,413 INFO [main] Discovery Client initialized at timestamp 1735242386413 with initial instances count: 0
2024-12-26 20:46:26,421 INFO [main] Registering application CONFIG-SERVICE with eureka with status UP
2024-12-26 20:46:26,445 INFO [main] Tomcat started on port 8888 (http) with context path ''
2024-12-26 20:46:26,446 INFO [main] Updating port to 8888
2024-12-26 20:46:26,516 INFO [main] Started ConfigServiceApplication in 3.462 seconds (process running for 5.922)
2024-12-26 20:50:24,820 INFO [http-nio-8888-exec-1] Initializing Spring DispatcherServlet 'dispatcherServlet'
2024-12-26 20:50:24,820 INFO [http-nio-8888-exec-1] Initializing Servlet 'dispatcherServlet'
2024-12-26 20:50:24,821 INFO [http-nio-8888-exec-1] Completed initialization in 0 ms
2024-12-26 20:50:26,572 INFO [http-nio-8888-exec-1] Could not refresh default label main
org.springframework.cloud.config.server.environment.NoSuchLabelException: No such label: main
	at org.springframework.cloud.config.server.environment.JGitEnvironmentRepository.refresh(JGitEnvironmentRepository.java:313)
	at org.springframework.cloud.config.server.environment.JGitEnvironmentRepository.getLocations(JGitEnvironmentRepository.java:262)
	at org.springframework.cloud.config.server.environment.MultipleJGitEnvironmentRepository.getLocations(MultipleJGitEnvironmentRepository.java:144)
	at org.springframework.cloud.config.server.environment.AbstractScmEnvironmentRepository.findOne(AbstractScmEnvironmentRepository.java:62)
	at org.springframework.cloud.config.server.environment.MultipleJGitEnvironmentRepository.findOneFromCandidate(MultipleJGitEnvironmentRepository.java:195)
	at org.springframework.cloud.config.server.environment.MultipleJGitEnvironmentRepository.findOne(MultipleJGitEnvironmentRepository.java:178)
	at org.springframework.cloud.config.server.environment.CompositeEnvironmentRepository.findOne(CompositeEnvironmentRepository.java:82)
	at org.springframework.cloud.config.server.environment.ObservationEnvironmentRepositoryWrapper.lambda$findOne$3(ObservationEnvironmentRepositoryWrapper.java:75)
	at io.micrometer.observation.Observation.observe(Observation.java:565)
	at org.springframework.cloud.config.server.environment.ObservationEnvironmentRepositoryWrapper.findOne(ObservationEnvironmentRepositoryWrapper.java:75)
	at org.springframework.cloud.config.server.environment.EnvironmentEncryptorEnvironmentRepository.findOne(EnvironmentEncryptorEnvironmentRepository.java:64)
	at org.springframework.cloud.config.server.environment.EnvironmentController.getEnvironment(EnvironmentController.java:134)
	at org.springframework.cloud.config.server.environment.EnvironmentController.defaultLabelIncludeOrigin(EnvironmentController.java:116)
	at java.base/jdk.internal.reflect.NativeMethodAccessorImpl.invoke0(Native Method)
	at java.base/jdk.internal.reflect.NativeMethodAccessorImpl.invoke(NativeMethodAccessorImpl.java:77)
	at java.base/jdk.internal.reflect.DelegatingMethodAccessorImpl.invoke(DelegatingMethodAccessorImpl.java:43)
	at java.base/java.lang.reflect.Method.invoke(Method.java:568)
	at org.springframework.util.ReflectionUtils.invokeMethod(ReflectionUtils.java:281)
	at org.springframework.cloud.context.scope.GenericScope$LockedScopedProxyFactoryBean.invoke(GenericScope.java:482)
	at org.springframework.aop.framework.ReflectiveMethodInvocation.proceed(ReflectiveMethodInvocation.java:184)
	at org.springframework.aop.framework.CglibAopProxy$CglibMethodInvocation.proceed(CglibAopProxy.java:765)
	at org.springframework.aop.framework.CglibAopProxy$DynamicAdvisedInterceptor.intercept(CglibAopProxy.java:717)
	at org.springframework.cloud.config.server.environment.EnvironmentController$$SpringCGLIB$$0.defaultLabelIncludeOrigin(<generated>)
	at java.base/jdk.internal.reflect.NativeMethodAccessorImpl.invoke0(Native Method)
	at java.base/jdk.internal.reflect.NativeMethodAccessorImpl.invoke(NativeMethodAccessorImpl.java:77)
	at java.base/jdk.internal.reflect.DelegatingMethodAccessorImpl.invoke(DelegatingMethodAccessorImpl.java:43)
	at java.base/java.lang.reflect.Method.invoke(Method.java:568)
	at org.springframework.web.method.support.InvocableHandlerMethod.doInvoke(InvocableHandlerMethod.java:262)
	at org.springframework.web.method.support.InvocableHandlerMethod.invokeForRequest(InvocableHandlerMethod.java:190)
	at org.springframework.web.servlet.mvc.method.annotation.ServletInvocableHandlerMethod.invokeAndHandle(ServletInvocableHandlerMethod.java:118)
	at org.springframework.web.servlet.mvc.method.annotation.RequestMappingHandlerAdapter.invokeHandlerMethod(RequestMappingHandlerAdapter.java:917)
	at org.springframework.web.servlet.mvc.method.annotation.RequestMappingHandlerAdapter.handleInternal(RequestMappingHandlerAdapter.java:829)
	at org.springframework.web.servlet.mvc.method.AbstractHandlerMethodAdapter.handle(AbstractHandlerMethodAdapter.java:87)
	at org.springframework.web.servlet.DispatcherServlet.doDispatch(DispatcherServlet.java:1089)
	at org.springframework.web.servlet.DispatcherServlet.doService(DispatcherServlet.java:979)
	at org.springframework.web.servlet.FrameworkServlet.processRequest(FrameworkServlet.java:1014)
	at org.springframework.web.servlet.FrameworkServlet.doGet(FrameworkServlet.java:903)
	at jakarta.servlet.http.HttpServlet.service(HttpServlet.java:564)
	at org.springframework.web.servlet.FrameworkServlet.service(FrameworkServlet.java:885)
	at jakarta.servlet.http.HttpServlet.service(HttpServlet.java:658)
	at org.apache.catalina.core.ApplicationFilterChain.internalDoFilter(ApplicationFilterChain.java:205)
	at org.apache.catalina.core.ApplicationFilterChain.doFilter(ApplicationFilterChain.java:149)
	at org.apache.tomcat.websocket.server.WsFilter.doFilter(WsFilter.java:51)
	at org.apache.catalina.core.ApplicationFilterChain.internalDoFilter(ApplicationFilterChain.java:174)
	at org.apache.catalina.core.ApplicationFilterChain.doFilter(ApplicationFilterChain.java:149)
	at org.springframework.web.filter.RequestContextFilter.doFilterInternal(RequestContextFilter.java:100)
	at org.springframework.web.filter.OncePerRequestFilter.doFilter(OncePerRequestFilter.java:116)
	at org.apache.catalina.core.ApplicationFilterChain.internalDoFilter(ApplicationFilterChain.java:174)
	at org.apache.catalina.core.ApplicationFilterChain.doFilter(ApplicationFilterChain.java:149)
	at org.springframework.web.filter.FormContentFilter.doFilterInternal(FormContentFilter.java:93)
	at org.springframework.web.filter.OncePerRequestFilter.doFilter(OncePerRequestFilter.java:116)
	at org.apache.catalina.core.ApplicationFilterChain.internalDoFilter(ApplicationFilterChain.java:174)
	at org.apache.catalina.core.ApplicationFilterChain.doFilter(ApplicationFilterChain.java:149)
	at org.springframework.web.filter.CharacterEncodingFilter.doFilterInternal(CharacterEncodingFilter.java:201)
	at org.springframework.web.filter.OncePerRequestFilter.doFilter(OncePerRequestFilter.java:116)
	at org.apache.catalina.core.ApplicationFilterChain.internalDoFilter(ApplicationFilterChain.java:174)
	at org.apache.catalina.core.ApplicationFilterChain.doFilter(ApplicationFilterChain.java:149)
	at org.apache.catalina.core.StandardWrapperValve.invoke(StandardWrapperValve.java:167)
	at org.apache.catalina.core.StandardContextValve.invoke(StandardContextValve.java:90)
	at org.apache.catalina.authenticator.AuthenticatorBase.invoke(AuthenticatorBase.java:482)
	at org.apache.catalina.core.StandardHostValve.invoke(StandardHostValve.java:115)
	at org.apache.catalina.valves.ErrorReportValve.invoke(ErrorReportValve.java:93)
	at org.apache.catalina.core.StandardEngineValve.invoke(StandardEngineValve.java:74)
	at org.apache.catalina.connector.CoyoteAdapter.service(CoyoteAdapter.java:340)
	at org.apache.coyote.http11.Http11Processor.service(Http11Processor.java:391)
	at org.apache.coyote.AbstractProcessorLight.process(AbstractProcessorLight.java:63)
	at org.apache.coyote.AbstractProtocol$ConnectionHandler.process(AbstractProtocol.java:896)
	at org.apache.tomcat.util.net.NioEndpoint$SocketProcessor.doRun(NioEndpoint.java:1744)
	at org.apache.tomcat.util.net.SocketProcessorBase.run(SocketProcessorBase.java:52)
	at org.apache.tomcat.util.threads.ThreadPoolExecutor.runWorker(ThreadPoolExecutor.java:1191)
	at org.apache.tomcat.util.threads.ThreadPoolExecutor$Worker.run(ThreadPoolExecutor.java:659)
	at org.apache.tomcat.util.threads.TaskThread$WrappingRunnable.run(TaskThread.java:61)
	at java.base/java.lang.Thread.run(Thread.java:842)
Caused by: org.eclipse.jgit.api.errors.RefNotFoundException: Ref main cannot be resolved
	at org.eclipse.jgit.api.CheckoutCommand.call(CheckoutCommand.java:224)
	at org.springframework.cloud.config.server.environment.JGitEnvironmentRepository.checkout(JGitEnvironmentRepository.java:467)
	at org.springframework.cloud.config.server.environment.JGitEnvironmentRepository.refresh(JGitEnvironmentRepository.java:306)
	... 72 common frames omitted
2024-12-26 20:50:26,574 INFO [http-nio-8888-exec-1] Will try to refresh master label instead.
2024-12-26 21:02:26,726 INFO [SpringApplicationShutdownHook] Unregistering application CONFIG-SERVICE with eureka with status DOWN
2024-12-26 21:02:26,728 WARN [Thread-3] Failed to delete temporary directory on exit: java.nio.file.AccessDeniedException: C:\Users\fredo\AppData\Local\Temp\config-repo-5089500417901136997\.git\objects\pack\pack-ea4afc355faa8d38b5152d8c6d82be56f9042f88.idx
2024-12-26 21:02:26,738 INFO [SpringApplicationShutdownHook] Shutting down DiscoveryClient ...
2024-12-26 21:02:26,780 INFO [SpringApplicationShutdownHook] Completed shut down of DiscoveryClient
